Date,Close,Open,High,Low,Volume
01/06/2018,"14,328.90","14,203.20","14,429.40","14,102.60",25.4700000 
01/08/2018,"13,232.80","13,162.50","13,426.40","13,127.30",18.7800000 
01/10/2018,"14,922.10","14,886.90","15,115.70","14,799.00",18.6600000 
01/11/2018,"13,936.70","14,042.30","14,059.90","13,866.30",6.1400000 
02/04/2018,"14,831.70","15,208.70","15,233.90","14,831.70",23.3600000 
02/05/2018,"13,675.30","13,675.30","13,926.70","13,398.80",16.0900000 
02/07/2018,"13,514.40","13,373.60","13,549.60","13,021.70",17.0400000 
02/08/2018,"13,109.70","13,197.60","13,197.60","12,845.70",16.6300000 
02/10/2018,"14,535.00","14,693.40","14,799.00","14,482.20",29.0300000 
02/11/2018,"14,077.50","14,077.50","14,130.30","14,007.10",9.8400000 
03/04/2018,"14,706.00","14,831.70","14,957.30","14,454.60",24.3400000 
03/05/2018,"13,650.10","13,650.10","13,700.40","13,423.90",20.4100000 
03/07/2018,"12,775.30","13,514.40","13,655.20","12,775.30",15.9400000 
03/08/2018,"12,775.30","13,197.60","13,215.20","12,775.30",16.2900000 
03/10/2018,"14,535.00","14,429.40","14,640.60","14,429.40",13.6700000 
03/12/2018,"12,247.40","11,965.90","12,317.80","11,965.90",10.3200000 
03/29/2018,"15,284.10","15,083.00","15,384.70","15,032.80",14.1200000 
03/30/2018,"15,183.60","15,384.70","15,409.80","15,108.20",9.8800000 
04/04/2018,"14,831.70","14,831.70","14,907.10","14,706.00",11.1500000 
04/05/2018,"13,574.70","13,775.80","13,901.50","13,549.60",9.9600000 
04/06/2018,"15,083.00","14,555.10","15,083.00","14,404.30",21.6400000 
04/07/2018,"13,056.90","12,951.30","13,180.10","12,740.10",10.3200000 
04/09/2018,"13,725.60","13,971.90","14,042.30","13,725.60",12.2500000 
04/10/2018,"14,570.20","14,499.80","14,570.20","14,394.20",32.6000000 
04/12/2018,"12,177.00","12,317.80","12,388.20","12,053.90",11.8000000 
04/13/2018,"15,384.70","15,585.80","15,610.90","15,309.30",12.5500000 
04/16/2018,"15,108.20","15,208.70","15,334.40","15,108.20",8.3500000 
04/17/2018,"15,007.60","15,183.60","15,183.60","14,831.70",12.9100000 
04/18/2018,"14,831.70","15,057.90","15,133.30","14,831.70",10.5700000 
04/19/2018,"14,328.90","14,731.10","14,856.80","14,328.90",19.6200000 
04/20/2018,"14,781.40","14,328.90","14,781.40","14,127.80",12.6400000 
04/23/2018,"13,976.90","14,806.50","14,806.50","13,951.80",10.8200000 
04/24/2018,"14,077.50","13,951.80","14,303.70","13,826.10",14.6000000 
04/26/2018,"13,449.00","14,077.50","14,278.60","13,348.50",17.8300000 
04/27/2018,"13,524.50","13,449.00","13,574.70","13,021.70",19.6800000 
05/04/2018,"14,781.40","14,907.10","14,932.20","14,731.10",8.0100000 
05/06/2018,"14,831.70","15,083.00","15,133.30","14,706.00",23.4700000 
05/07/2018,"12,704.90","13,056.90","13,197.60","12,599.40",11.6300000 
05/09/2018,"13,584.80","13,655.20","13,813.50","13,549.60",12.6800000 
05/10/2018,"14,587.80","14,570.20","14,746.20","14,499.80",16.5600000 
05/11/2018,"14,077.50","13,936.70","14,077.50","13,901.50",6.1200000 
05/12/2018,"12,423.40","12,089.00","12,493.80","12,053.90",22.1500000 
05/14/2018,"14,027.20","14,102.60","14,152.90","13,826.10",10.7300000 
05/15/2018,"13,926.70","14,052.40","14,127.80","13,876.40",9.5200000 
05/16/2018,"13,574.70","13,851.30","14,127.80","13,549.60",12.0500000 
05/17/2018,"13,323.30","13,574.70","13,625.00","13,273.10",15.7800000 
05/18/2018,"13,549.60","13,373.60","13,549.60","13,197.70",14.3500000 
05/21/2018,"13,373.60","13,700.40","13,725.60","13,373.60",9.0700000 
05/22/2018,"12,694.90","13,298.20","13,323.30","12,694.90",24.1500000 
05/23/2018,"12,996.50","12,644.60","13,072.00","12,644.60",12.6200000 
05/24/2018,"13,172.50","13,072.00","13,172.50","12,971.40",13.9900000 
05/25/2018,"13,097.10","13,172.50","13,398.80","13,021.70",20.5000000 
05/28/2018,"12,242.40","12,720.00","13,072.00","12,242.40",20.3400000 
05/29/2018,"13,072.00","12,242.40","13,097.10","12,242.40",19.1000000 
05/30/2018,"13,273.10","13,097.10","13,423.90","12,795.40",24.1600000 
05/31/2018,"14,102.60","13,298.20","14,102.60","13,273.10",35.3900000 
06/04/2018,"15,183.60","14,756.20","15,183.60","14,706.00",18.7800000 
06/06/2018,"15,284.10","14,881.90","15,334.40","14,706.00",23.2400000 
06/07/2018,"12,951.30","12,687.30","13,303.20","12,388.20",14.4500000 
06/08/2018,"12,722.50","12,792.90","12,792.90","12,529.00",12.7200000 
06/09/2018,"13,602.40","13,584.80","13,795.90","13,549.60",12.2800000 
06/11/2018,"13,936.70","14,112.70","14,130.30","13,936.70",4.6500000 
06/12/2018,"12,177.00","12,353.00","12,458.60","12,141.80",12.6800000 
06/13/2018,"15,274.10","14,922.10","15,344.50","14,886.90",10.0400000 
06/14/2018,"14,992.50","15,414.90","15,643.60","14,974.90",18.0000000 
06/15/2018,"15,133.30","14,957.30","15,133.30","14,711.00",13.2000000 
06/18/2018,"14,147.90","15,027.70","15,027.70","14,147.90",20.2300000 
06/19/2018,"13,496.80","13,655.20","13,901.50","13,197.60",36.0400000 
06/20/2018,"14,077.50","13,725.60","14,077.50","13,303.20",15.7900000 
06/21/2018,"13,813.50","14,059.90","14,059.90","13,725.60",10.6200000 
06/22/2018,"14,411.80","13,725.60","14,411.80","13,655.20",19.6500000 
06/25/2018,"14,605.40","14,781.40","14,834.20","14,447.00",9.4800000 
06/26/2018,"14,464.60","14,288.70","14,482.20","14,077.50",7.3200000 
06/27/2018,"13,901.50","14,394.20","14,482.20","13,901.50",9.2400000 
06/28/2018,"13,672.80","13,655.20","14,007.10","13,584.80",11.6600000 
06/29/2018,"13,514.40","13,655.20","13,795.90","13,356.00",14.1600000 
07/05/2018,"14,077.50","13,675.30","14,077.50","13,549.60",14.4600000 
07/06/2018,"15,560.70","15,334.40","15,686.40","15,284.10",20.8800000 
07/08/2018,"12,722.50","12,722.50","12,722.50","12,599.40",13.3200000 
07/09/2018,"13,971.90","13,584.80","14,007.10","13,584.80",14.8000000 
07/11/2018,"13,778.30","13,936.70","14,007.10","13,778.30",7.7000000 
07/12/2018,"12,194.60","12,282.60","12,317.80","12,159.40",9.2100000 
07/13/2018,"12,529.00","12,036.30","12,546.60","11,983.50",12.9500000 
07/16/2018,"12,493.80","12,704.90","12,757.70","12,441.00",9.1100000 
07/17/2018,"12,704.90","12,317.80","12,722.50","12,317.80",9.2500000 
07/18/2018,"13,092.10","12,775.30","13,144.90","12,704.90",17.3300000 
07/19/2018,"13,092.10","13,180.10","13,285.60","13,056.90",9.6200000 
07/20/2018,"12,916.10","12,951.30","13,021.70","12,757.70",13.6200000 
07/23/2018,"13,004.10","13,056.90","13,232.80","12,880.90",15.3200000 
07/24/2018,"12,458.60","12,986.50","13,004.10","12,353.00",33.5300000 
07/25/2018,"12,493.80","12,458.60","12,599.40","12,388.20",15.6700000 
07/26/2018,"12,845.70","12,493.80","12,845.70","12,458.60",22.5000000 
07/27/2018,"13,127.30","12,933.70","13,144.90","12,792.90",13.1700000 
07/30/2018,"13,039.30","13,232.80","13,303.20","12,986.50",16.5400000 
07/31/2018,"13,144.90","12,986.50","13,250.40","12,863.30",15.8000000 
08/05/2018,"14,328.90","14,052.40","14,555.10","13,876.40",17.9700000 
08/06/2018,"15,409.80","15,585.80","15,585.80","15,384.70",13.8000000 
08/08/2018,"12,916.10","12,740.10","12,968.90","12,704.90",9.4000000 
08/10/2018,"14,499.80","14,499.80","14,587.80","14,447.00",10.2400000 
08/11/2018,"13,690.40","14,024.70","14,024.70","13,690.40",7.6700000 
08/13/2018,"13,479.20","12,986.50","13,496.80","12,916.10",31.2100000 
08/14/2018,"13,549.60","13,549.60","13,690.40","13,461.60",14.5500000 
08/15/2018,"13,197.60","13,549.60","13,637.60","13,127.30",12.8300000 
08/16/2018,"13,197.60","13,021.70","13,268.00","13,004.10",19.1500000 
08/17/2018,"13,268.00","13,338.40","13,444.00","13,180.10",10.2500000 
08/20/2018,"13,109.70","13,268.00","13,268.00","13,074.50",9.7000000 
08/21/2018,"13,197.60","13,056.90","13,197.60","13,039.30",9.3700000 
08/22/2018,"13,373.60","13,232.80","13,514.40","13,180.10",16.5800000 
08/23/2018,"13,408.80","13,338.40","13,496.80","13,338.40",10.5400000 
08/24/2018,"13,496.80","13,373.60","13,514.40","13,303.20",15.5400000 
08/27/2018,"13,708.00","13,584.80","13,831.10","13,549.60",14.9700000 
08/28/2018,"14,042.30","13,725.60","14,147.90","13,725.60",30.1500000 
08/29/2018,"13,936.70","14,077.50","14,306.30","13,936.70",18.8300000 
08/30/2018,"13,954.30","13,936.70","14,007.10","13,778.30",17.6500000 
08/31/2018,"14,059.90","14,007.10","14,200.70","13,936.70",16.7900000 
09/04/2018,"15,284.10","15,233.90","15,384.70","15,083.00",17.1700000 
09/05/2018,"14,328.90","14,278.60","14,454.60","14,102.60",7.7300000 
09/07/2018,"12,564.20","13,197.60","13,197.60","12,458.60",10.5300000 
09/08/2018,"12,863.30","12,986.50","13,092.10","12,845.70",12.5600000 
09/10/2018,"14,429.40","14,605.40","14,605.40","14,429.40",10.1500000 
09/11/2018,"13,232.80","13,584.80","13,672.80","13,232.80",15.6300000 
09/13/2018,"13,989.50","13,971.90","14,165.50","13,901.50",13.0100000 
09/14/2018,"13,901.50","14,007.10","14,095.10","13,901.50",12.7400000 
09/17/2018,"13,883.90","13,831.10","13,954.30","13,778.30",6.5000000 
09/18/2018,"13,883.90","13,795.90","13,883.90","13,655.20",19.9400000 
09/19/2018,"13,954.30","14,007.10","14,042.30","13,936.70",12.2900000 
09/20/2018,"14,394.20","14,042.30","14,394.20","13,971.90",27.3100000 
09/21/2018,"14,535.00","14,429.40","14,570.20","14,306.30",39.0800000 
09/24/2018,"14,535.00","14,675.80","14,675.80","14,464.60",12.1300000 
09/25/2018,"14,517.40","14,429.40","14,570.20","14,376.60",12.2500000 
09/26/2018,"14,429.40","14,517.40","14,587.80","14,429.40",13.7300000 
09/27/2018,"14,623.00","14,499.80","14,640.60","14,464.60",15.3100000 
09/28/2018,"14,886.90","14,640.60","14,904.50","14,605.40",26.3300000 
10/04/2018,"15,284.10","15,284.10","15,359.60","15,108.20",17.8300000 
10/05/2018,"13,876.40","14,253.50","14,303.70","13,826.10",10.0700000 
10/07/2018,"12,493.80","12,493.80","12,704.90","12,493.80",8.2800000 
10/08/2018,"13,021.70","12,828.10","13,056.90","12,828.10",11.5200000 
10/09/2018,"13,795.90","13,954.30","14,007.10","13,795.90",7.0500000 
10/10/2018,"14,570.20","14,464.60","14,693.40","14,411.80",18.4600000 
10/12/2018,"11,877.90","12,141.80","12,177.00","11,842.70",14.7800000 
10/15/2018,"14,200.70","14,323.80","14,323.80","14,147.90",11.5500000 
10/16/2018,"14,341.40","14,200.70","14,341.40","14,200.70",7.9600000 
10/17/2018,"14,429.40","14,499.80","14,517.40","14,376.60",14.0300000 
10/18/2018,"14,429.40","14,429.40","14,482.20","14,323.80",11.1800000 
10/19/2018,"14,341.40","14,323.80","14,447.00","14,218.30",13.6700000 
10/22/2018,"14,112.70","14,359.00","14,411.80","14,112.70",7.0200000 
10/23/2018,"13,901.50","14,059.90","14,059.90","13,690.40",27.4100000 
10/24/2018,"13,795.90","13,795.90","14,042.30","13,795.90",14.2700000 
10/25/2018,"13,725.60","13,373.60","13,778.30","13,320.80",19.8300000 
10/26/2018,"13,690.40","13,831.10","13,936.70","13,690.40",14.0900000 
10/29/2018,"13,672.80","13,602.40","13,690.40","13,584.80",12.2100000 
10/30/2018,"13,620.00","13,584.80","13,848.70","13,584.80",7.3500000 
10/31/2018,"14,165.50","13,760.70","14,165.50","13,743.20",11.6100000 
11/04/2018,"15,208.70","15,334.40","15,585.80","15,183.60",27.5600000 
11/05/2018,"14,002.10","13,725.60","14,027.20","13,700.40",10.4600000 
11/06/2018,"15,233.90","15,334.40","15,510.40","15,208.70",30.8200000 
11/07/2018,"12,106.60","12,282.60","12,458.60","11,895.50",19.2400000 
11/09/2018,"14,077.50","13,743.20","14,147.90","13,743.20",18.9400000 
11/10/2018,"14,042.30","14,112.70","14,288.70","13,831.10",43.7800000 
11/12/2018,"11,772.30","11,825.10","11,948.30","11,543.50",19.1100000 
11/13/2018,"12,986.50","13,021.70","13,127.30","12,951.30",14.7900000 
11/14/2018,"12,599.40","12,968.90","12,968.90","12,405.80",22.6500000 
11/15/2018,"12,317.80","12,493.80","12,652.10","12,229.80",18.7000000 
11/16/2018,"12,388.20","12,493.80","12,564.20","12,335.40",6.3600000 
11/19/2018,"12,476.20","12,493.80","12,599.40","12,370.60",4.5600000 
11/20/2018,"12,845.70","12,529.00","12,898.50","12,458.60",15.6300000 
11/21/2018,"12,845.70","12,687.30","12,951.30","12,669.70",10.4200000 
11/22/2018,"12,599.40","12,880.90","12,933.70","12,599.40",7.5100000 
11/23/2018,"12,511.40","12,599.40","12,669.70","12,493.80",5.6300000 
11/26/2018,"12,529.00","12,529.00","12,740.10","12,511.40",6.7800000 
11/27/2018,"12,529.00","12,599.40","12,740.10","12,529.00",5.1900000 
11/28/2018,"12,388.20","12,564.20","12,617.00","12,300.20",11.2000000 
11/29/2018,"12,036.30","12,458.60","12,546.60","12,036.30",11.1100000 
11/30/2018,"11,684.30","11,965.90","11,965.90","11,684.30",20.4500000 
12/04/2018,"15,510.40","15,133.30","15,560.70","15,057.90",17.3000000 
12/06/2018,"14,957.30","15,590.80","15,590.80","14,675.80",29.0000000 
12/07/2018,"11,877.90","11,719.50","12,018.70","11,684.30",9.1100000 
12/09/2018,"13,901.50","14,112.70","14,165.50","13,901.50",15.3500000 
12/10/2018,"14,359.00","13,866.30","14,359.00","13,866.30",18.0600000 
12/11/2018,"13,215.20","13,232.80","13,285.60","13,074.50",7.6800000 
12/12/2018,"11,825.10","11,789.90","11,877.90","11,613.90",9.8100000 
12/13/2018,"11,965.90","11,913.10","12,001.10","11,860.30",15.0000000 
12/14/2018,"11,789.90","11,948.30","11,948.30","11,754.70",10.5800000 
12/17/2018,"11,402.80","11,789.90","11,789.90","11,402.80",12.2700000 
12/18/2018,"10,945.30","11,156.40","11,279.60","10,786.90",22.3400000 
12/19/2018,"10,452.50","10,945.30","11,050.80","10,206.20",30.0300000 
12/20/2018,"10,540.50","10,417.30","10,610.90","10,311.80",16.7000000 
12/21/2018,"10,540.50","10,311.80","10,558.10","10,311.80",12.2100000 
12/24/2018,"10,734.10","10,540.50","10,734.10","10,540.50",8.9300000 
12/25/2018,"10,698.90","10,434.90","10,698.90","10,188.60",13.1400000 
12/26/2018,"10,663.70","10,698.90","10,698.90","10,470.10",10.4800000 
12/27/2018,"10,892.50","10,857.30","10,945.30","10,663.70",13.3400000 
12/28/2018,"10,892.50","10,839.70","10,892.50","10,734.10",20.4600000 
01/02/2019,"9,607.90","9,801.50","9,924.60","9,502.30",19.4400000 
01/03/2019,"12,053.90","11,825.10","12,053.90","11,825.10",12.6200000 
01/04/2019,"11,244.40","11,279.60","11,332.40","11,226.80",10.0500000 
01/07/2019,"10,522.90","10,614.40","10,660.20","10,431.40",8.0800000 
01/08/2019,"10,339.90","10,294.20","10,408.50","10,179.80",12.5300000 
01/10/2019,"10,019.70","10,042.50","10,156.90","9,996.80",8.5600000 
01/11/2019,"10,019.70","10,019.70","10,111.20","9,973.90",8.5500000 
01/14/2019,"10,311.80","10,347.00","10,364.60","10,153.40",8.8300000 
01/15/2019,"10,311.80","10,311.80","10,417.30","10,259.00",7.2300000 
01/16/2019,"10,364.60","10,347.00","10,434.90","10,259.00",8.1600000 
01/17/2019,"10,171.00","10,364.60","10,364.60","10,171.00",5.3600000 
01/18/2019,"10,276.60","10,311.80","10,364.60","10,259.00",5.8100000 
01/21/2019,"10,399.70","10,311.80","10,470.10","10,276.60",5.2500000 
01/22/2019,"10,382.20","10,452.50","10,505.30","10,364.60",4.5600000 
01/23/2019,"10,575.70","10,347.00","10,698.90","10,329.40",10.3700000 
01/24/2019,"10,505.30","10,593.30","10,698.90","10,505.30",6.5400000 
01/25/2019,"10,452.50","10,558.10","10,593.30","10,399.70",4.4100000 
01/28/2019,"10,470.10","10,487.70","10,487.70","10,417.30",4.6900000 
01/29/2019,"10,452.50","10,505.30","10,505.30","10,382.20",4.9700000 
01/30/2019,"10,206.20","10,417.30","10,417.30","10,153.40",18.5200000 
01/31/2019,"9,748.70","10,206.20","10,259.00","9,713.50",19.6300000 
02/01/2019,"10,839.70","10,874.90","11,068.40","10,839.70",11.4900000 
02/04/2019,"11,297.20","11,332.40","11,350.00","11,244.40",4.9200000 
02/05/2019,"11,965.90","11,860.30","11,965.90","11,719.50",10.4200000 
02/07/2019,"10,339.90","10,522.90","10,522.90","10,317.00",10.0600000 
02/08/2019,"10,271.30","10,156.90","10,317.00","10,111.20",15.0400000 
02/10/2019,"9,951.00","10,065.40","10,088.30","9,928.10",9.1900000 
02/12/2019,"10,500.00","10,454.30","10,614.40","10,454.30",19.1600000 
02/13/2019,"10,874.90","10,382.20","10,945.30","10,382.20",30.3300000 
02/14/2019,"10,910.10","10,874.90","11,015.60","10,839.70",17.6700000 
02/15/2019,"11,121.20","10,910.10","11,438.00","10,839.70",25.5300000 
02/18/2019,"11,314.80","11,297.20","11,455.60","11,244.40",17.4500000 
02/19/2019,"11,156.40","11,420.40","11,438.00","11,138.80",16.1700000 
02/20/2019,"11,332.40","11,156.40","11,367.60","11,138.80",16.0900000 
02/21/2019,"11,508.40","11,367.60","11,508.40","11,226.80",16.4500000 
02/22/2019,"11,930.70","11,490.80","11,948.30","11,455.60",22.6400000 
02/25/2019,"12,247.40","12,124.20","12,511.40","12,036.30",32.2600000 
02/26/2019,"12,141.80","12,247.40","12,458.60","12,053.90",20.2100000 
02/27/2019,"12,106.60","12,300.20","12,300.20","12,018.70",13.6900000 
02/28/2019,"11,825.10","12,159.40","12,177.00","11,825.10",19.0400000 
03/01/2019,"10,382.20","10,822.10","10,874.90","10,382.20",18.8300000 
03/04/2019,"11,297.20","11,262.00","11,314.80","11,226.80",10.3400000 
03/05/2019,"12,018.70","11,965.90","12,106.60","11,860.30",9.5700000 
03/06/2019,"11,086.00","11,279.60","11,297.20","11,050.80",33.6100000 
03/07/2019,"10,134.00","10,339.90","10,362.80","10,111.20",13.3000000 
03/09/2019,"9,905.30","10,156.90","10,202.70","9,905.30",11.3200000 
03/10/2019,"9,859.50","9,928.10","9,928.10","9,813.80",9.6000000 
03/12/2019,"10,728.80","10,500.00","10,843.20","10,385.70",19.6500000 
03/13/2019,"12,089.00","11,965.90","12,089.00","11,930.70",8.7600000 
03/14/2019,"12,036.30","12,089.00","12,194.60","11,930.70",12.2700000 
03/15/2019,"11,226.80","11,613.90","11,649.10","11,209.20",46.6200000 
03/18/2019,"11,209.20","11,086.00","11,402.80","10,751.70",28.9600000 
03/19/2019,"11,226.80","11,191.60","11,244.40","10,945.30",20.2200000 
03/20/2019,"11,367.60","11,086.00","11,473.20","11,086.00",15.4000000 
03/21/2019,"11,262.00","11,367.60","11,420.40","11,244.40",7.5000000 
03/22/2019,"11,244.40","11,297.20","11,332.40","11,209.20",11.4800000 
03/25/2019,"11,050.80","10,945.30","11,138.80","10,945.30",10.2300000 
03/26/2019,"11,121.20","11,121.20","11,174.00","11,015.60",9.6300000 
03/27/2019,"11,385.20","11,226.80","11,385.20","11,138.80",6.9500000 
03/28/2019,"11,420.40","11,314.80","11,420.40","11,297.20",6.8800000 
03/29/2019,"11,332.40","11,455.60","11,508.40","11,226.80",17.8900000 
04/01/2019,"10,452.50","10,347.00","10,558.10","10,100.60",15.9900000 
04/03/2019,"12,441.00","12,229.80","12,441.00","12,212.20",13.7400000 
04/04/2019,"11,402.80","11,314.80","11,402.80","11,262.00",7.5700000 
04/06/2019,"11,117.70","11,255.00","11,346.50","11,003.30",7.0300000 
04/07/2019,"10,202.70","10,065.40","10,294.20","10,065.40",10.6500000 
04/09/2019,"9,882.40","9,836.60","9,973.90","9,836.60",12.3200000 
04/10/2019,"9,768.00","9,882.40","9,928.10","9,745.10",10.0600000 
04/11/2019,"9,951.00","10,111.20","10,156.90","9,928.10",12.7200000 
04/12/2019,"10,728.80","10,705.90","10,797.40","10,683.10",10.3500000 
04/16/2019,"11,174.00","11,226.80","11,262.00","11,103.60",4.2300000 
04/17/2019,"11,121.20","11,174.00","11,209.20","11,086.00",5.0900000 
04/18/2019,"11,015.60","11,050.80","11,103.60","11,015.60",6.5400000 
04/19/2019,"11,121.20","11,033.20","11,156.40","11,033.20",3.3200000 
04/22/2019,"11,209.20","11,033.20","11,297.20","11,033.20",4.9900000 
04/23/2019,"11,226.80","11,262.00","11,262.00","11,209.20",4.6200000 
04/24/2019,"11,737.10","11,262.00","11,737.10","11,226.80",15.8800000 
04/25/2019,"11,649.10","11,789.90","11,842.70","11,613.90",11.2100000 
04/26/2019,"11,825.10","11,684.30","11,895.50","11,649.10",7.7200000 
05/03/2019,"12,335.40","12,353.00","12,529.00","12,300.20",15.6200000 
05/04/2019,"11,438.00","11,402.80","11,490.80","11,350.00",5.0300000 
05/06/2019,"10,888.90","11,163.40","11,300.70","10,843.20",6.2900000 
05/07/2019,"10,202.70","10,202.70","10,271.30","10,134.00",6.4600000 
05/08/2019,"10,134.00","10,225.50","10,294.20","10,065.40",12.9800000 
05/09/2019,"9,928.10","9,905.30","10,042.50","9,882.40",5.2200000 
05/11/2019,"10,019.70","9,973.90","10,134.00","9,951.00",11.6200000 
05/12/2019,"10,568.70","10,683.10","10,728.80","10,545.80",10.9100000 
05/13/2019,"11,279.60","11,596.30","11,596.30","11,262.00",10.4300000 
05/14/2019,"11,402.80","11,156.40","11,402.80","11,156.40",4.9800000 
05/15/2019,"11,402.80","11,402.80","11,508.40","11,367.60",6.9500000 
05/16/2019,"11,367.60","11,420.40","11,508.40","11,367.60",3.7700000 
05/17/2019,"11,350.00","11,367.60","11,402.80","11,332.40",4.0800000 
05/20/2019,"11,543.50","11,350.00","11,631.50","11,350.00",6.0700000 
05/21/2019,"11,578.70","11,596.30","11,684.30","11,543.50",5.8800000 
05/22/2019,"11,613.90","11,613.90","11,754.70","11,578.70",6.8800000 
05/23/2019,"11,525.90","11,613.90","11,631.50","11,490.80",6.9400000 
05/24/2019,"11,314.80","11,438.00","11,490.80","11,314.80",10.0400000 
05/27/2019,"11,332.40","11,297.20","11,385.20","11,297.20",4.6500000 
05/28/2019,"11,279.60","11,438.00","11,438.00","11,279.60",7.7700000 
05/29/2019,"11,438.00","11,367.60","11,438.00","11,279.60",4.5500000 
05/30/2019,"11,262.00","11,438.00","11,438.00","11,244.40",11.4800000 
05/31/2019,"11,297.20","11,262.00","11,332.40","11,262.00",9.2900000 
06/03/2019,"12,317.80","12,317.80","12,388.20","12,106.60",9.2400000 
06/05/2019,"11,772.30","11,754.70","11,895.50","11,684.30",12.3200000 
06/06/2019,"10,385.70","10,934.70","10,934.70","10,225.50",14.9200000 
06/08/2019,"9,951.00","9,859.50","10,065.40","9,859.50",11.9000000 
06/09/2019,"9,790.90","9,973.90","10,019.70","9,790.90",8.8600000 
06/11/2019,"10,065.40","10,065.40","10,134.00","10,042.50",9.5300000 
06/12/2019,"10,911.80","10,568.70","10,934.70","10,568.70",15.0100000 
06/13/2019,"10,522.90","10,705.90","10,705.90","10,477.20",5.3100000 
06/14/2019,"10,500.00","10,522.90","10,545.80","10,500.00",4.3600000 
06/17/2019,"10,271.30","10,500.00","10,522.90","10,271.30",7.6700000 
06/18/2019,"10,545.80","10,271.30","10,568.70","10,271.30",10.6500000 
06/19/2019,"10,911.80","10,728.80","10,911.80","10,660.20",17.6200000 
06/20/2019,"10,797.40","11,026.20","11,026.20","10,797.40",9.2000000 
06/21/2019,"10,843.20","10,934.70","10,934.70","10,797.40",9.3300000 
06/24/2019,"10,683.10","10,888.90","11,003.30","10,660.20",6.5100000 
06/25/2019,"10,568.70","10,614.40","10,705.90","10,522.90",6.9200000 
06/26/2019,"10,477.20","10,545.80","10,637.30","10,477.20",4.0100000 
06/27/2019,"10,317.00","10,477.20","10,500.00","10,317.00",7.9100000 
06/28/2019,"10,751.70","10,317.00","10,751.70","10,271.30",8.2600000 
07/01/2019,"10,329.40","10,663.70","10,681.30","10,259.00",6.8100000 
07/03/2019,"12,001.10","12,317.80","12,335.40","12,001.10",12.4700000 
07/05/2019,"11,789.90","11,895.50","11,895.50","11,754.70",7.7200000 
07/06/2019,"10,500.00","10,522.90","10,660.20","10,454.30",10.7400000 
07/08/2019,"10,111.20","10,019.70","10,134.00","9,973.90",7.3400000 
07/10/2019,"9,745.10","9,768.00","9,836.60","9,699.40",6.9900000 
07/11/2019,"10,385.70","10,134.00","10,408.50","10,111.20",27.8900000 
07/15/2019,"9,813.80","10,065.40","10,065.40","9,813.80",8.2200000 
07/16/2019,"9,882.40","9,882.40","9,905.30","9,813.80",7.3200000 
07/17/2019,"9,768.00","9,905.30","9,905.30","9,745.10",11.5000000 
07/18/2019,"9,585.00","9,768.00","9,790.90","9,539.30",17.8600000 
07/19/2019,"9,424.90","9,607.90","9,699.40","9,333.40",23.5500000 
07/22/2019,"9,493.50","9,424.90","9,699.40","9,287.60",14.5000000 
07/23/2019,"9,928.10","9,516.40","9,951.00","9,516.40",18.9800000 
07/24/2019,"9,859.50","9,928.10","9,973.90","9,790.90",7.7900000 
07/25/2019,"10,248.40","9,836.60","10,248.40","9,836.60",19.9500000 
07/26/2019,"10,317.00","10,339.90","10,545.80","10,271.30",20.6200000 
07/29/2019,"10,111.20","10,317.00","10,317.00","9,951.00",14.6500000 
07/30/2019,"9,836.60","10,111.20","10,156.90","9,836.60",12.8700000 
07/31/2019,"10,317.00","9,790.90","10,317.00","9,745.10",13.7700000 
08/01/2019,"10,153.40","10,347.00","10,382.20","10,100.60",8.6300000 
08/03/2019,"11,948.30","11,789.90","12,071.50","11,754.70",12.7400000 
08/04/2019,"11,402.80","11,438.00","11,490.80","11,367.60",3.7800000 
08/05/2019,"11,666.70","11,701.90","11,719.50","11,613.90",7.7000000 
08/07/2019,"9,951.00","10,156.90","10,202.70","9,928.10",15.6500000 
08/08/2019,"10,660.20","10,134.00","10,660.20","10,134.00",23.4300000 
08/10/2019,"10,019.70","9,790.90","10,019.70","9,722.30",8.3800000 
08/11/2019,"10,385.70","10,385.70","10,431.40","10,294.20",11.1200000 
08/13/2019,"10,728.80","10,660.20","10,934.70","10,660.20",13.5200000 
08/14/2019,"10,728.80","10,888.90","10,888.90","10,705.90",8.1500000 
08/15/2019,"10,637.30","10,522.90","10,637.30","10,431.40",14.4900000 
08/16/2019,"10,545.80","10,637.30","10,683.10","10,477.20",18.6500000 
08/19/2019,"10,545.80","10,522.90","10,660.20","10,500.00",5.3500000 
08/20/2019,"10,477.20","10,545.80","10,660.20","10,408.50",10.0900000 
08/21/2019,"10,614.40","10,477.20","10,637.30","10,431.40",10.1500000 
08/22/2019,"10,545.80","10,660.20","10,683.10","10,522.90",6.9800000 
08/23/2019,"10,705.90","10,637.30","10,728.80","10,568.70",11.3400000 
08/26/2019,"10,431.40","10,568.70","10,591.60","10,385.70",11.9600000 
08/27/2019,"10,248.40","10,522.90","10,545.80","10,248.40",18.9400000 
08/28/2019,"10,179.80","10,248.40","10,294.20","10,111.20",9.1300000 
08/29/2019,"10,134.00","10,179.80","10,179.80","10,065.40",10.4100000 
08/30/2019,"10,156.90","10,134.00","10,271.30","10,088.30",7.0100000 
09/01/2019,"10,382.20","10,206.20","10,487.70","10,206.20",5.1400000 
09/04/2019,"11,297.20","11,420.40","11,438.00","11,262.00",7.9000000 
09/05/2019,"11,578.70","11,631.50","11,701.90","11,473.20",5.7800000 
09/07/2019,"9,768.00","9,973.90","10,042.50","9,768.00",13.3000000 
09/08/2019,"10,568.70","10,705.90","10,751.70","10,522.90",7.7600000 
09/09/2019,"9,699.40","9,836.60","9,859.50","9,699.40",7.4800000 
09/10/2019,"10,019.70","10,019.70","10,019.70","9,928.10",6.4900000 
09/12/2019,"11,071.90","10,911.80","11,186.30","10,911.80",16.6400000 
09/13/2019,"10,339.90","10,294.20","10,362.80","10,248.40",9.8200000 
09/16/2019,"10,362.80","10,271.30","10,362.80","10,179.80",11.3700000 
09/17/2019,"10,385.70","10,362.80","10,385.70","10,248.40",7.5800000 
09/18/2019,"10,522.90","10,385.70","10,545.80","10,339.90",12.9500000 
09/19/2019,"10,500.00","10,522.90","10,545.80","10,385.70",7.1800000 
09/20/2019,"10,362.80","10,500.00","10,500.00","10,317.00",10.7400000 
09/23/2019,"10,065.40","10,339.90","10,339.90","10,065.40",11.2800000 
09/24/2019,"10,134.00","10,042.50","10,134.00","9,996.80",4.1800000 
09/25/2019,"10,019.70","10,111.20","10,111.20","9,951.00",8.3400000 
09/26/2019,"10,179.80","10,065.40","10,179.80","9,928.10",7.0200000 
09/27/2019,"10,134.00","10,179.80","10,271.30","10,134.00",6.7200000 
09/30/2019,"10,042.50","10,156.90","10,179.80","10,042.50",7.2100000 
10/01/2019,"10,487.70","10,417.30","10,593.30","10,382.20",4.8800000 
10/04/2019,"11,244.40","11,262.00","11,279.60","11,138.80",6.0400000 
10/05/2019,"11,561.10","11,649.10","11,684.30","11,473.20",5.2300000 
10/06/2019,"10,477.20","10,637.30","10,705.90","10,454.30",13.8300000 
10/07/2019,"9,768.00","9,790.90","9,951.00","9,745.10",7.8900000 
10/09/2019,"9,745.10","9,699.40","9,768.00","9,653.60",7.2700000 
10/10/2019,"9,836.60","10,019.70","10,111.20","9,836.60",8.2900000 
10/12/2019,"11,163.40","11,071.90","11,232.10","11,026.20",21.4000000 
10/14/2019,"9,813.80","9,928.10","9,928.10","9,813.80",6.2300000 
10/15/2019,"9,768.00","9,836.60","9,928.10","9,768.00",7.6100000 
10/16/2019,"9,745.10","9,790.90","9,836.60","9,745.10",5.5200000 
10/17/2019,"9,790.90","9,745.10","9,905.30","9,745.10",10.1700000 
10/18/2019,"9,790.90","9,859.50","9,859.50","9,745.10",4.8200000 
10/21/2019,"9,699.40","9,790.90","9,813.80","9,699.40",6.6800000 
10/22/2019,"9,882.40","9,699.40","9,905.30","9,699.40",8.6300000 
10/23/2019,"9,996.80","9,882.40","10,111.20","9,882.40",14.5200000 
10/24/2019,"10,065.40","10,019.70","10,111.20","9,996.80",10.8300000 
10/25/2019,"9,973.90","10,065.40","10,065.40","9,951.00",5.0100000 
10/28/2019,"10,156.90","9,973.90","10,202.70","9,905.30",15.3300000 
10/29/2019,"10,156.90","10,156.90","10,271.30","10,111.20",11.2500000 
10/30/2019,"10,065.40","10,179.80","10,179.80","10,065.40",6.4600000 
10/31/2019,"9,973.90","10,065.40","10,088.30","9,928.10",12.1500000 
11/01/2019,"10,329.40","10,487.70","10,522.90","10,329.40",7.2800000 
11/02/2019,"10,171.00","9,766.30","10,171.00","9,713.50",7.7700000 
11/03/2019,"11,895.50","12,036.30","12,036.30","11,825.10",13.3000000 
11/04/2019,"11,244.40","11,262.00","11,279.60","11,209.20",4.1500000 
11/06/2019,"10,522.90","10,522.90","10,614.40","10,385.70",9.2900000 
11/07/2019,"9,859.50","9,790.90","9,905.30","9,790.90",6.5400000 
11/09/2019,"10,088.30","9,745.10","10,088.30","9,722.30",9.9000000 
11/10/2019,"9,836.60","9,882.40","9,928.10","9,790.90",8.7400000 
11/11/2019,"10,431.40","10,339.90","10,568.70","10,339.90",16.8500000 
11/12/2019,"11,163.40","11,117.70","11,163.40","10,934.70",11.3800000 
11/13/2019,"10,362.80","10,568.70","10,591.60","10,362.80",13.7200000 
11/14/2019,"10,362.80","10,362.80","10,454.30","10,294.20",11.6400000 
11/15/2019,"10,362.80","10,362.80","10,431.40","10,317.00",7.2300000 
11/18/2019,"10,477.20","10,385.70","10,522.90","10,385.70",8.0800000 
11/19/2019,"10,431.40","10,500.00","10,500.00","10,385.70",8.7800000 
11/20/2019,"10,248.40","10,431.40","10,431.40","10,179.80",14.6600000 
11/21/2019,"10,065.40","10,202.70","10,225.50","10,065.40",15.8000000 
11/22/2019,"10,111.20","10,156.90","10,225.50","10,065.40",12.1400000 
11/25/2019,"10,179.80","10,134.00","10,225.50","10,065.40",8.9200000 
11/26/2019,"10,362.80","10,225.50","10,431.40","10,225.50",11.5600000 
11/27/2019,"10,339.90","10,408.50","10,431.40","10,317.00",7.4200000 
11/28/2019,"10,339.90","10,339.90","10,385.70","10,271.30",7.9100000 
11/29/2019,"10,454.30","10,339.90","10,500.00","10,271.30",13.3500000 
12/02/2019,"10,382.20","10,171.00","10,505.30","10,118.20",21.7700000 
12/03/2019,"11,913.10","12,001.10","12,018.70","11,860.30",14.4100000 
12/04/2019,"11,279.60","11,244.40","11,279.60","11,209.20",4.3200000 
12/06/2019,"10,568.70","10,477.20","10,637.30","10,454.30",6.6000000 
12/07/2019,"10,019.70","9,928.10","10,065.40","9,905.30",7.0900000 
12/08/2019,"10,797.40","10,568.70","10,911.80","10,568.70",17.1200000 
12/09/2019,"10,317.00","10,134.00","10,339.90","10,134.00",11.7200000 
12/11/2019,"10,522.90","10,408.50","10,568.70","10,317.00",13.8000000 
12/12/2019,"11,071.90","11,117.70","11,163.40","11,026.20",8.7400000 
12/13/2019,"10,888.90","11,071.90","11,209.20","10,888.90",19.9600000 
12/16/2019,"10,866.10","10,888.90","10,934.70","10,774.60",10.7800000 
12/17/2019,"10,591.60","10,866.10","10,911.80","10,477.20",20.7800000 
12/18/2019,"10,317.00","10,591.60","10,591.60","10,294.20",15.9800000 
12/19/2019,"10,431.40","10,317.00","10,568.70","10,317.00",12.1200000 
12/20/2019,"10,522.90","10,500.00","10,637.30","10,431.40",11.4000000 
12/23/2019,"10,545.80","10,591.60","10,751.70","10,500.00",8.4400000 
12/24/2019,"10,614.40","10,545.80","10,660.20","10,500.00",6.7800000 
12/25/2019,"10,591.60","10,614.40","10,705.90","10,591.60",5.0100000 
12/26/2019,"10,522.90","10,660.20","10,660.20","10,522.90",6.3300000 
12/27/2019,"10,774.60","10,522.90","10,774.60","10,454.30",8.8100000 
12/30/2019,"10,820.30","10,820.30","10,911.80","10,751.70",6.1900000 
12/31/2019,"10,751.70","10,820.30","10,843.20","10,683.10",6.0600000 
01/04/2020,"7,892.20","7,640.60","8,006.60","7,617.70",10.2300000 
01/06/2020,"12,650.40","12,719.00","12,719.00","12,558.90",16.9000000 
01/07/2020,"12,536.00","12,353.00","12,581.80","12,307.20",22.8400000 
01/09/2020,"13,826.40","13,687.00","13,910.00","13,631.30",29.4000000 
01/10/2020,"15,052.90","14,829.90","15,164.40","14,774.20",30.1200000 
01/12/2020,"19,847.60","19,457.30","19,847.60","19,262.20",38.2600000 
01/13/2020,"11,094.80","11,071.90","11,163.40","11,026.20",9.3900000 
01/14/2020,"11,438.00","11,094.80","11,460.80","11,071.90",20.1400000 
01/15/2020,"11,506.60","11,460.80","11,598.10","11,392.20",12.3900000 
01/16/2020,"11,575.20","11,438.00","11,598.10","11,415.10",14.4400000 
01/17/2020,"11,438.00","11,575.20","11,735.30","11,392.20",13.3300000 
01/20/2020,"11,666.70","11,438.00","11,666.70","11,300.70",12.0300000 
01/21/2020,"11,826.90","11,781.10","11,895.50","11,689.60",12.4500000 
01/22/2020,"12,032.70","11,826.90","12,078.50","11,826.90",18.7900000 
01/30/2020,"11,575.20","11,689.60","11,849.70","11,415.10",27.4400000 
01/31/2020,"11,026.20","11,438.00","11,575.20","11,026.20",23.1600000 
02/01/2020,"10,980.40","10,751.70","10,980.40","10,683.10",8.9100000 
02/03/2020,"10,202.70","10,156.90","10,294.20","10,156.90",8.3300000 
02/06/2020,"12,375.90","12,719.00","12,719.00","12,330.10",24.2000000 
02/07/2020,"12,627.50","12,581.80","12,696.10","12,536.00",27.3800000 
02/10/2020,"14,885.70","15,080.80","15,192.30","14,495.40",35.4700000 
02/11/2020,"17,060.00","17,032.10","17,115.70","16,920.60",18.2300000 
02/12/2020,"19,680.30","19,847.60","19,875.40","19,568.80",25.7000000 
02/13/2020,"10,843.20","10,866.10","10,934.70","10,797.40",11.0800000 
02/14/2020,"10,843.20","10,797.40","10,866.10","10,683.10",10.6400000 
02/17/2020,"10,866.10","10,843.20","10,911.80","10,797.40",5.7200000 
02/18/2020,"10,660.20","10,911.80","10,911.80","10,660.20",15.7000000 
02/19/2020,"10,637.30","10,660.20","10,728.80","10,568.70",11.5400000 
02/20/2020,"10,866.10","10,728.80","10,866.10","10,637.30",11.0000000 
02/21/2020,"10,774.60","10,866.10","10,888.90","10,751.70",9.5100000 
02/24/2020,"10,385.70","10,408.50","10,591.60","10,385.70",27.2500000 
02/25/2020,"10,568.70","10,339.90","10,568.70","10,339.90",11.1700000 
02/26/2020,"10,408.50","10,408.50","10,522.90","10,385.70",9.4800000 
02/27/2020,"10,500.00","10,385.70","10,545.80","10,385.70",6.9900000 
02/28/2020,"10,225.50","10,317.00","10,431.40","10,179.80",13.8700000 
03/01/2020,"11,049.10","11,071.90","11,140.60","11,003.30",16.4900000 
03/02/2020,"11,232.10","10,660.20","11,346.50","10,385.70",25.4400000 
03/03/2020,"10,202.70","10,431.40","10,431.40","10,202.70",9.2900000 
03/04/2020,"8,075.20","7,892.20","8,098.10","7,869.30",13.7000000 
03/06/2020,"12,330.10","12,375.90","12,444.50","12,170.00",25.3100000 
03/07/2020,"12,581.80","12,673.30","12,696.10","12,536.00",17.0800000 
03/08/2020,"12,767.10","12,098.10","12,822.90","12,098.10",29.6500000 
03/09/2020,"13,937.90","13,937.90","14,049.40","13,882.10",25.5400000 
03/11/2020,"17,115.70","17,283.00","17,450.30","17,032.10",30.7500000 
03/12/2020,"20,544.50","19,819.70","20,544.50","19,680.30",39.5100000 
03/13/2020,"8,715.70","8,258.20","9,013.10","8,212.50",27.0300000 
03/16/2020,"8,738.60","8,784.40","9,081.70","8,670.00",19.5500000 
03/17/2020,"8,784.40","8,509.80","8,830.10","8,509.80",12.7500000 
03/18/2020,"9,013.10","8,875.90","9,196.10","8,853.00",21.9000000 
03/19/2020,"8,761.50","8,875.90","8,921.60","8,647.10",16.3700000 
03/20/2020,"8,509.80","8,807.20","8,830.10","8,509.80",28.2200000 
03/23/2020,"7,915.10","7,960.80","8,235.30","7,915.10",27.2700000 
03/24/2020,"7,823.60","7,777.80","7,937.90","7,617.70",29.1300000 
03/25/2020,"8,143.80","8,166.70","8,166.70","7,960.80",16.3400000 
03/26/2020,"7,754.90","8,029.40","8,052.30","7,732.10",17.9300000 
03/27/2020,"7,411.80","7,732.10","7,777.80","7,228.80",28.3100000 
03/30/2020,"7,480.40","7,000.00","7,640.60","6,977.20",22.8900000 
03/31/2020,"7,709.20","7,480.40","7,937.90","6,977.20",23.5100000 
04/02/2020,"11,255.00","11,277.80","11,346.50","11,026.20",17.0300000 
04/03/2020,"10,225.50","10,248.40","10,339.90","10,225.50",6.2000000 
04/05/2020,"9,607.90","9,836.60","9,859.50","9,607.90",10.1800000 
04/06/2020,"12,170.00","12,353.00","12,536.00","12,170.00",28.4100000 
04/08/2020,"12,822.90","12,934.40","12,990.10","12,711.40",19.4600000 
04/09/2020,"13,910.00","13,742.80","13,993.70","13,742.80",33.0300000 
04/11/2020,"17,087.90","17,115.70","17,283.00","16,920.60",32.1000000 
04/12/2020,"20,600.20","20,656.00","20,767.50","20,460.80",31.1800000 
04/13/2020,"8,853.00","8,601.30","8,921.60","8,555.60",19.0400000 
04/14/2020,"9,127.50","8,830.10","9,127.50","8,784.40",18.4200000 
04/15/2020,"9,196.10","9,150.40","9,287.60","9,127.50",12.5500000 
04/16/2020,"9,264.70","9,127.50","9,333.40","9,036.00",14.0400000 
04/17/2020,"9,470.60","9,264.70","9,516.40","9,241.90",18.5700000 
04/20/2020,"9,699.40","9,607.90","9,836.60","9,402.00",19.8400000 
04/21/2020,"9,241.90","9,493.50","9,722.30","9,219.00",25.1300000 
04/22/2020,"9,516.40","9,379.10","9,745.10","9,287.60",23.2500000 
04/23/2020,"9,882.40","9,745.10","10,042.50","9,745.10",17.5800000 
04/24/2020,"10,111.20","9,928.10","10,156.90","9,745.10",17.4800000 
04/27/2020,"10,042.50","10,179.80","10,339.90","9,996.80",13.9800000 
04/28/2020,"9,790.90","10,065.40","10,111.20","9,722.30",16.1900000 
04/29/2020,"9,836.60","9,790.90","9,928.10","9,607.90",15.6800000 
05/02/2020,"11,186.30","11,369.30","11,438.00","11,071.90",14.6100000 
05/03/2020,"10,225.50","10,339.90","10,362.80","10,225.50",5.4600000 
05/05/2020,"9,790.90","9,790.90","9,905.30","9,745.10",12.4100000 
05/06/2020,"12,375.90","12,124.20","12,490.30","11,987.00",28.5000000 
05/08/2020,"13,436.10","12,822.90","13,575.50","12,767.10",45.4800000 
05/10/2020,"15,248.10","14,969.30","15,275.90","14,969.30",22.4500000 
05/11/2020,"16,864.90","17,087.90","17,143.60","16,864.90",20.3600000 
05/13/2020,"11,026.20","10,728.80","11,071.90","10,660.20",20.2300000 
05/14/2020,"10,957.60","10,888.90","11,026.20","10,843.20",13.7300000 
05/15/2020,"10,751.70","10,957.60","11,003.30","10,705.90",16.7000000 
05/18/2020,"11,483.70","11,186.30","11,483.70","10,980.40",28.4100000 
05/19/2020,"11,964.10","12,078.50","12,284.40","11,918.40",39.6800000 
05/20/2020,"12,101.40","11,895.50","12,170.00","11,735.30",24.4000000 
05/21/2020,"12,124.20","12,055.60","12,147.10","11,941.20",23.6200000 
05/22/2020,"12,467.40","12,055.60","12,558.90","12,009.90",34.2300000 
05/25/2020,"12,490.30","12,581.80","12,719.00","12,421.60",23.5200000 
05/26/2020,"12,993.50","12,513.10","12,993.50","12,490.30",24.2300000 
05/27/2020,"12,444.50","13,085.00","13,085.00","12,444.50",41.6500000 
05/28/2020,"12,444.50","12,581.80","12,627.50","12,307.20",30.5100000 
05/29/2020,"12,536.00","12,490.30","12,673.30","12,353.00",26.4900000 
06/01/2020,"10,980.40","10,980.40","11,094.80","10,911.80",11.3100000 
06/02/2020,"11,529.50","11,140.60","11,529.50","11,117.70",19.4000000 
06/03/2020,"10,248.40","10,225.50","10,271.30","10,179.80",6.3900000 
06/04/2020,"8,624.20","8,304.00","8,624.20","8,189.60",21.5000000 
06/05/2020,"10,156.90","9,859.50","10,156.90","9,836.60",16.0500000 
06/07/2020,"12,627.50","12,673.30","12,696.10","12,558.90",20.5600000 
06/08/2020,"13,408.30","13,436.10","13,603.40","13,268.90",24.1200000 
06/10/2020,"15,749.80","15,303.80","15,749.80","15,164.40",41.4400000 
06/11/2020,"16,948.50","16,892.70","17,115.70","16,837.00",23.5400000 
06/15/2020,"11,621.00","12,032.70","12,124.20","11,598.10",23.8700000 
06/16/2020,"11,987.00","11,895.50","12,078.50","11,735.30",19.0100000 
06/17/2020,"12,009.90","11,987.00","12,101.40","11,849.70",14.8800000 
06/18/2020,"12,261.50","11,872.60","12,284.40","11,826.90",19.0700000 
06/19/2020,"12,513.10","12,353.00","12,513.10","12,353.00",22.1800000 
06/22/2020,"12,490.30","12,536.00","12,719.00","12,330.10",20.4900000 
06/23/2020,"12,353.00","12,490.30","12,673.30","12,238.60",23.9700000 
06/24/2020,"12,353.00","12,353.00","12,513.10","12,261.50",13.7200000 
06/25/2020,"12,490.30","12,215.70","12,719.00","12,147.10",51.4100000 
06/26/2020,"12,444.50","12,536.00","12,627.50","12,353.00",19.7200000 
06/29/2020,"12,192.90","12,307.20","12,353.00","12,009.90",26.0700000 
06/30/2020,"12,261.50","12,261.50","12,536.00","12,147.10",31.2200000 
07/01/2020,"10,843.20","11,026.20","11,071.90","10,797.40",10.2600000 
07/02/2020,"11,140.60","11,529.50","11,575.20","11,071.90",17.1000000 
07/04/2020,"8,692.80","8,715.70","8,738.60","8,349.70",16.1200000 
07/05/2020,"10,797.40","10,202.70","10,797.40","10,202.70",31.0300000 
07/07/2020,"12,970.60","12,696.10","13,222.30","12,673.30",59.0700000 
07/08/2020,"13,491.90","13,380.40","13,547.60","13,352.50",21.3500000 
07/09/2020,"13,659.10","13,937.90","13,993.70","13,659.10",25.1600000 
07/10/2020,"15,498.90","15,666.20","15,777.70","15,498.90",25.8900000 
07/12/2020,"21,297.10","20,656.00","21,408.60","20,544.50",42.8200000 
07/13/2020,"12,650.40","12,604.60","12,741.90","12,467.40",30.9600000 
07/14/2020,"12,764.80","12,558.90","12,787.60","12,536.00",12.1200000 
07/15/2020,"12,833.40","12,902.00","12,993.50","12,833.40",13.8200000 
07/16/2020,"13,085.00","12,902.00","13,222.30","12,787.60",37.7300000 
07/17/2020,"13,062.20","13,130.80","13,153.70","13,062.20",14.2400000 
07/20/2020,"12,810.50","13,039.30","13,130.80","12,810.50",24.4400000 
07/21/2020,"12,856.30","12,856.30","12,924.90","12,719.00",24.6900000 
07/22/2020,"12,856.30","12,947.80","12,993.50","12,787.60",15.7100000 
07/23/2020,"12,902.00","12,856.30","12,902.00","12,673.30",21.4300000 
07/24/2020,"12,284.40","12,810.50","12,833.40","12,032.70",44.8300000 
07/27/2020,"11,872.60","11,918.40","12,421.60","11,804.00",38.7300000 
07/28/2020,"12,513.10","12,124.20","12,581.80","11,987.00",29.7400000 
07/29/2020,"12,126.00","12,432.60","12,711.40","11,791.50",32.5500000 
07/30/2020,"12,321.10","12,209.60","12,432.60","12,181.70",19.9300000 
07/31/2020,"12,098.10","11,958.70","12,293.20","11,958.70",13.4400000 
08/01/2020,"10,728.80","10,751.70","10,820.30","10,591.60",13.5200000 
08/04/2020,"8,555.60","8,418.30","8,601.30","8,372.60",10.7500000 
08/05/2020,"10,705.90","10,888.90","11,049.10","10,705.90",26.2900000 
08/06/2020,"12,673.30","12,581.80","12,856.30","12,490.30",36.1100000 
08/07/2020,"12,833.40","12,879.10","13,016.40","12,764.80",19.2800000 
08/09/2020,"13,742.80","13,714.90","13,770.60","13,631.30",21.5200000 
08/10/2020,"15,666.20","15,610.40","15,666.20","15,443.20",32.0100000 
08/12/2020,"21,408.60","21,297.10","21,631.60","21,185.60",35.6900000 
08/13/2020,"13,659.10","13,659.10","13,714.90","13,547.60",13.2700000 
08/14/2020,"13,436.10","13,659.10","13,714.90","13,324.60",26.9500000 
08/17/2020,"13,547.60","13,408.30","13,547.60","13,352.50",14.7900000 
08/18/2020,"13,464.00","13,603.40","13,603.40","13,436.10",9.0000000 
08/19/2020,"13,519.80","13,491.90","13,603.40","13,436.10",16.2600000 
08/20/2020,"13,436.10","13,519.80","13,575.50","13,380.40",17.0000000 
08/21/2020,"13,575.50","13,436.10","13,603.40","13,408.30",15.6700000 
08/24/2020,"13,826.40","13,659.10","13,910.00","13,603.40",24.4500000 
08/25/2020,"13,687.00","13,882.10","13,965.80","13,687.00",18.8200000 
08/26/2020,"13,491.90","13,659.10","13,687.00","13,491.90",28.6500000 
08/27/2020,"13,547.60","13,491.90","13,575.50","13,436.10",15.4500000 
08/28/2020,"13,547.60","13,659.10","13,659.10","13,519.80",20.3600000 
08/31/2020,"13,687.00","13,491.90","13,826.40","13,491.90",23.4000000 
09/01/2020,"10,980.40","10,797.40","11,049.10","10,797.40",9.7200000 
09/03/2020,"9,539.30","9,539.30","9,859.50","9,539.30",34.8900000 
09/04/2020,"8,487.00","8,601.30","8,692.80","8,487.00",15.0300000 
09/06/2020,"12,398.70","12,787.60","12,810.50","12,330.10",39.3700000 
09/07/2020,"12,879.10","12,856.30","12,947.80","12,787.60",15.9800000 
09/09/2020,"13,659.10","13,603.40","13,910.00","13,575.50",34.4500000 
09/10/2020,"15,889.20","15,722.00","16,000.70","15,610.40",16.6100000 
09/11/2020,"17,561.80","17,171.50","17,561.80","17,115.70",32.1400000 
09/12/2020,"21,464.40","21,464.40","21,520.10","21,241.40",26.7900000 
09/14/2020,"13,714.90","13,659.10","13,798.50","13,659.10",22.3300000 
09/15/2020,"13,770.60","13,798.50","13,910.00","13,742.80",15.5500000 
09/16/2020,"13,770.60","13,798.50","13,826.40","13,714.90",12.0900000 
09/17/2020,"14,160.90","13,798.50","14,216.70","13,770.60",46.9600000 
09/18/2020,"14,328.20","14,244.50","14,328.20","14,216.70",21.8900000 
09/21/2020,"14,328.20","14,439.70","14,467.50","14,272.40",20.4100000 
09/22/2020,"14,244.50","14,216.70","14,328.20","14,160.90",26.8300000 
09/23/2020,"14,383.90","14,300.30","14,439.70","14,244.50",22.0900000 
09/24/2020,"14,300.30","14,328.20","14,439.70","14,216.70",21.8200000 
09/25/2020,"14,356.00","14,383.90","14,383.90","14,216.70",17.7200000 
09/28/2020,"14,718.40","14,383.90","14,718.40","14,328.20",30.8400000 
09/29/2020,"14,690.50","14,746.30","14,941.40","14,690.50",32.3900000 
09/30/2020,"14,718.40","14,690.50","14,802.10","14,551.20",22.7900000 
10/01/2020,"11,071.90","11,026.20","11,232.10","11,003.30",21.0700000 
10/02/2020,"11,140.60","10,980.40","11,277.80","10,957.60",10.1000000 
10/03/2020,"9,905.30","9,379.10","9,951.00","9,379.10",17.1400000 
10/04/2020,"8,601.30","8,464.10","8,692.80","8,372.60",11.7100000 
10/06/2020,"12,353.00","12,353.00","12,536.00","12,192.90",20.7900000 
10/07/2020,"12,696.10","12,810.50","12,924.90","12,627.50",30.4500000 
10/08/2020,"13,547.60","13,631.30","13,798.50","13,547.60",24.8200000 
10/09/2020,"13,687.00","13,770.60","13,854.30","13,659.10",21.2500000 
10/11/2020,"17,450.30","17,896.30","17,952.00","17,450.30",36.2300000 
10/12/2020,"20,962.60","21,464.40","21,520.10","20,739.60",53.3600000 
10/13/2020,"15,610.40","15,722.00","15,749.80","15,554.70",18.7200000 
10/14/2020,"15,805.60","15,582.60","15,805.60","15,498.90",24.9900000 
10/15/2020,"16,195.80","16,725.50","16,725.50","16,195.80",53.5700000 
10/16/2020,"16,223.70","16,279.50","16,446.70","16,140.10",30.3900000 
10/19/2020,"16,112.20","16,251.60","16,307.30","16,084.30",19.2000000 
10/20/2020,"16,363.10","16,028.60","16,363.10","16,000.70",23.3800000 
10/21/2020,"16,223.70","16,418.80","16,502.50","16,168.00",18.7300000 
10/22/2020,"16,502.50","16,168.00","16,502.50","16,112.20",22.9400000 
10/23/2020,"17,227.20","16,614.00","17,227.20","16,530.40",51.8300000 
10/26/2020,"17,171.50","17,283.00","17,840.50","17,115.70",35.7300000 
10/27/2020,"17,506.00","17,060.00","17,673.30","17,032.10",44.3700000 
10/28/2020,"16,948.50","17,366.60","17,645.40","16,837.00",45.0400000 
10/29/2020,"17,060.00","16,697.60","17,143.60","16,697.60",36.4700000 
10/30/2020,"17,032.10","17,171.50","17,227.20","16,669.70",33.4100000 
11/02/2020,"10,797.40","11,186.30","11,255.00","10,728.80",26.4300000 
11/03/2020,"9,402.00","9,928.10","9,973.90","9,219.00",17.9600000 
11/05/2020,"10,957.60","10,843.20","11,026.20","10,660.20",15.2100000 
11/06/2020,"11,666.70","12,284.40","12,421.60","11,666.70",48.1700000 
11/08/2020,"13,519.80","13,603.40","13,687.00","13,436.10",16.9800000 
11/09/2020,"13,631.30","13,687.00","13,742.80","13,631.30",20.4900000 
11/11/2020,"17,450.30","17,450.30","17,617.50","17,366.60",25.5600000 
11/12/2020,"21,631.60","21,185.60","21,631.60","21,018.40",29.2100000 
11/13/2020,"17,812.60","17,561.80","17,812.60","17,533.90",21.3400000 
11/16/2020,"17,979.90","18,007.80","18,258.70","17,784.80",44.8200000 
11/17/2020,"18,593.20","18,119.30","18,593.20","18,063.50",28.4800000 
11/18/2020,"19,290.10","18,732.50","19,290.10","18,593.20",38.8100000 
11/19/2020,"19,624.60","19,345.80","19,791.80","19,206.40",46.5700000 
11/20/2020,"19,903.30","19,680.30","19,903.30","19,485.20",31.8400000 
11/23/2020,"20,906.90","19,903.30","21,102.00","19,791.80",41.5600000 
11/24/2020,"20,906.90","21,046.20","21,464.40","20,237.80",85.8800000 
11/25/2020,"19,847.60","20,516.60","20,572.30","19,624.60",97.7500000 
11/26/2020,"19,568.80","19,568.80","19,736.10","19,122.80",58.2000000 
11/27/2020,"20,210.00","19,513.10","20,293.60","19,513.10",28.1300000 
11/30/2020,"19,791.80","20,210.00","20,293.60","19,791.80",30.6400000 
12/02/2020,"10,888.90","10,751.70","11,049.10","10,728.80",20.1800000 
12/03/2020,"8,807.20","8,944.50","9,058.90","8,761.50",27.4600000 
12/05/2020,"10,820.30","10,820.30","10,934.70","10,705.90",22.1700000 
12/06/2020,"12,124.20","11,209.20","12,124.20","11,209.20",39.7600000 
12/08/2020,"13,547.60","13,547.60","13,659.10","13,436.10",15.4900000 
12/10/2020,"15,749.80","15,972.80","16,028.60","15,638.30",21.5100000 
12/11/2020,"17,533.90","17,450.30","17,561.80","17,422.40",17.2100000 
12/14/2020,"21,882.50","21,966.10","22,021.90","21,715.30",25.4200000 
12/15/2020,"21,520.10","21,771.00","21,826.80","21,464.40",34.3700000 
12/16/2020,"21,631.60","21,631.60","21,938.30","21,464.40",30.4000000 
12/17/2020,"20,990.50","21,408.60","21,548.00","20,990.50",53.7800000 
12/18/2020,"21,520.10","21,241.40","21,603.70","21,129.90",35.0200000 
12/21/2020,"21,492.20","21,743.10","21,771.00","21,380.70",27.7100000 
12/22/2020,"21,938.30","21,492.20","21,994.00","21,352.90",45.7200000 
12/23/2020,"22,300.60","21,994.00","22,969.70","21,966.10",49.3100000 
12/24/2020,"22,272.80","22,635.20","22,746.70","21,520.10",32.4800000 
12/25/2020,"22,718.80","22,300.60","22,774.50","22,021.90",39.7800000 
12/28/2020,"23,164.80","23,304.20","23,387.80","22,858.20",36.9000000 
12/29/2020,"23,192.70","22,997.50","23,332.00","22,886.00",23.5900000 
12/30/2020,"22,802.40","23,192.70","23,192.70","22,718.80",38.4500000 
12/31/2020,"23,109.00","22,802.40","23,276.30","22,690.90",20.8300000 
01/02/2021,"21,380.70","21,743.10","22,217.00","21,297.10",37.4200000 
01/03/2021,"25,757.20","25,785.10","25,813.00","25,534.20",38.6100000 
01/04/2021,"27,039.50","26,203.30","27,039.50","26,175.40",48.5800000 
01/06/2021,"42,003.70","41,322.60","42,609.20","40,868.50",43.4400000 
01/07/2021,"39,960.30","39,127.80","40,036.00","39,052.10",51.5700000 
01/09/2021,"37,235.70","37,084.40","37,500.60","37,008.70",19.5900000 
01/10/2021,"40,414.40","40,036.00","40,641.50","39,884.60",39.6200000 
01/11/2021,"42,155.10","43,214.70","43,214.70","42,155.10",58.7800000 
01/12/2021,"37,084.40","37,462.80","37,462.80","37,008.70",17.9700000 
01/13/2021,"24,921.00","25,199.70","25,339.10","24,753.70",28.3100000 
01/14/2021,"24,781.60","24,921.00","24,921.00","24,447.10",30.7600000 
01/15/2021,"24,809.50","24,698.00","25,116.10","24,698.00",25.9500000 
01/18/2021,"24,865.20","24,809.50","25,004.60","24,670.10",31.7900000 
01/19/2021,"23,192.70","24,865.20","24,865.20","23,136.90",45.2400000 
01/20/2021,"23,248.40","23,415.70","23,945.30","22,300.60",66.5400000 
01/21/2021,"24,642.20","23,889.60","24,642.20","23,304.20",36.5600000 
01/22/2021,"24,335.60","24,698.00","24,921.00","24,279.80",25.9700000 
01/25/2021,"24,363.50","24,112.60","25,339.10","24,028.90",58.0800000 
01/26/2021,"23,582.90","24,307.70","24,307.70","23,192.70",42.2900000 
01/27/2021,"22,467.90","23,081.20","23,638.70","22,021.90",49.2400000 
01/28/2021,"20,906.90","20,962.60","21,771.00","20,906.90",87.6400000 
01/29/2021,"21,826.80","20,628.10","22,272.80","20,628.10",70.6400000 
02/02/2021,"22,579.40","21,464.40","22,579.40","21,325.00",50.0900000 
02/03/2021,"26,036.00","26,091.80","26,259.00","25,757.20",41.5400000 
02/04/2021,"27,346.20","27,206.80","27,485.50","27,095.30",29.2700000 
02/06/2021,"40,868.50","41,625.30","42,003.70","40,111.70",52.0000000 
02/07/2021,"39,581.90","40,111.70","40,414.40","39,506.20",39.0800000 
02/08/2021,"35,759.90","35,646.40","36,251.90","35,495.00",31.4700000 
02/11/2021,"42,003.70","42,003.70","42,684.90","41,776.70",33.3700000 
02/12/2021,"36,781.60","37,235.70","37,273.60","36,781.60",16.6800000 
02/17/2021,"24,224.10","23,666.60","24,224.10","23,582.90",42.5600000 
02/18/2021,"24,447.10","24,196.20","24,530.70","23,945.30",37.4600000 
02/19/2021,"24,224.10","24,140.40","24,475.00","24,028.90",29.8500000 
02/22/2021,"24,196.20","24,224.10","24,753.70","23,973.20",37.4900000 
02/23/2021,"24,140.40","24,084.70","24,391.30","23,945.30",31.4500000 
02/24/2021,"24,307.70","24,335.60","24,753.70","24,140.40",47.8800000 
02/25/2021,"24,614.30","24,530.70","24,753.70","24,335.60",38.4900000 
02/26/2021,"25,422.70","24,363.50","25,478.50","24,307.70",71.8300000 
03/02/2021,"23,415.70","22,969.70","23,610.80","22,858.20",61.1400000 
03/03/2021,"26,091.80","25,952.40","26,231.10","25,924.50",39.0700000 
03/06/2021,"41,095.50","40,868.50","41,322.60","40,111.70",48.0600000 
03/08/2021,"35,759.90","35,797.80","36,062.70","35,381.50",36.7900000 
03/11/2021,"42,079.40","42,533.50","42,609.20","41,852.40",38.8300000 
03/12/2021,"36,100.50","36,933.00","37,197.90","36,100.50",28.1900000 
03/15/2021,"25,924.50","25,980.20","26,147.50","25,868.70",20.8900000 
03/16/2021,"25,701.50","25,980.20","25,980.20","25,534.20",24.7400000 
03/17/2021,"25,813.00","25,729.40","25,896.60","25,673.60",21.4000000 
03/18/2021,"25,980.20","26,036.00","26,063.90","25,840.90",19.6000000 
03/19/2021,"26,286.90","25,980.20","26,454.10","25,980.20",32.2800000 
03/22/2021,"26,063.90","26,370.50","26,454.10","26,036.00",19.3900000 
03/23/2021,"25,980.20","26,008.10","26,259.00","25,868.70",21.9200000 
03/24/2021,"25,339.10","25,673.60","25,840.90","25,144.00",41.5100000 
03/25/2021,"25,088.20","25,478.50","25,506.40","24,976.70",34.9800000 
03/26/2021,"25,757.20","25,367.00","25,757.20","25,116.10",49.3300000 
03/29/2021,"25,813.00","25,924.50","25,980.20","25,729.40",23.2600000 
03/30/2021,"25,896.60","25,924.50","26,063.90","25,701.50",23.4000000 
03/31/2021,"26,091.80","25,896.60","26,398.40","25,840.90",28.6500000 
04/01/2021,"23,582.90","23,415.70","23,973.20","23,220.50",27.7900000 
04/02/2021,"23,304.20","23,415.70","23,527.20","23,164.80",39.0500000 
04/03/2021,"25,590.00","26,147.50","26,147.50","25,088.20",49.0700000 
04/05/2021,"33,339.50","31,945.70","33,674.00","31,778.40",57.9100000 
04/06/2021,"41,246.90","41,246.90","41,852.40","41,095.50",41.1800000 
04/08/2021,"35,949.10","35,987.00","36,327.60","35,759.90",31.6300000 
04/10/2021,"42,003.70","40,792.80","42,306.50","40,792.80",58.9600000 
04/11/2021,"42,609.20","42,079.40","43,063.30","42,079.40",19.3000000 
04/13/2021,"27,931.60","28,712.10","28,712.10","27,931.60",47.3100000 
04/14/2021,"29,548.40","27,931.60","29,715.60","27,820.10",50.4600000 
04/15/2021,"30,384.60","29,827.10","30,496.10","29,269.60",56.3000000 
04/16/2021,"30,440.40","30,161.60","31,053.60","29,827.10",49.9000000 
04/19/2021,"32,224.40","30,774.90","32,224.40","30,496.10",61.0900000 
04/20/2021,"31,889.90","32,335.90","32,670.40","31,220.90",66.3900000 
04/22/2021,"30,663.40","31,499.70","32,280.20","30,663.40",58.0000000 
04/23/2021,"31,443.90","30,942.10","31,443.90","30,551.90",50.0100000 
04/26/2021,"30,719.10","31,499.70","31,555.40","30,663.40",44.1500000 
04/27/2021,"31,388.20","30,719.10","31,443.90","30,328.90",37.3700000 
04/28/2021,"31,220.90","31,388.20","31,499.70","30,942.10",27.4100000 
04/29/2021,"32,391.70","31,499.70","32,726.20","31,443.90",48.9300000 
05/01/2021,"23,610.80","23,304.20","23,861.70","23,248.40",32.7000000 
05/02/2021,"23,694.40","23,387.80","23,805.90","23,248.40",41.0200000 
05/03/2021,"25,645.70","25,450.60","25,701.50","25,144.00",37.5500000 
05/04/2021,"27,485.50","27,597.00","27,652.80","27,290.40",26.9900000 
05/05/2021,"33,060.70","33,451.00","33,618.20","33,060.70",42.9400000 
05/07/2021,"38,749.40","39,581.90","39,581.90","38,446.70",48.1900000 
05/08/2021,"36,933.00","35,911.30","37,084.40","35,835.60",38.6200000 
05/10/2021,"41,852.40","42,003.70","42,306.50","41,701.00",34.5400000 
05/11/2021,"42,836.20","42,609.20","43,139.00","42,155.10",25.1900000 
05/13/2021,"34,287.20","34,789.00","35,123.50","34,287.20",43.2700000 
05/14/2021,"34,231.50","34,566.00","34,844.80","34,008.50",55.8400000 
05/17/2021,"34,510.20","34,231.50","34,789.00","33,785.50",59.6800000 
05/18/2021,"35,346.50","34,844.80","35,513.80","34,844.80",68.7000000 
05/19/2021,"36,851.80","35,681.00","37,186.30","35,402.30",49.8600000 
05/20/2021,"37,130.60","36,907.60","37,186.30","36,517.30",37.8200000 
05/21/2021,"36,573.10","36,851.80","37,019.10","36,461.50",40.2800000 
05/24/2021,"36,461.50","36,573.10","36,851.80","36,238.50",41.4000000 
05/25/2021,"37,576.60","36,405.80","37,799.60","36,350.00",39.8200000 
05/26/2021,"37,799.60","37,576.60","37,799.60","37,465.10",27.1800000 
05/27/2021,"37,242.10","37,743.80","37,799.60","36,907.60",33.6300000 
05/28/2021,"37,409.30","37,409.30","37,520.80","36,907.60",52.8900000 
05/31/2021,"39,884.60","39,884.60","39,884.60","39,203.50",78.4000000 
06/01/2021,"23,861.70","23,694.40","24,140.40","23,582.90",31.5000000 
06/04/2021,"27,541.30","27,485.50","27,624.90","27,374.00",24.6300000 
06/05/2021,"33,116.50","33,060.70","33,618.20","32,781.90",37.9300000 
06/07/2021,"36,327.60","38,673.70","39,506.20","36,327.60",62.6800000 
06/08/2021,"36,630.30","36,781.60","37,160.10","36,554.60",26.1300000 
06/09/2021,"38,749.40","37,462.80","38,900.80","37,387.10",62.5300000 
06/10/2021,"42,457.80","42,230.80","42,609.20","41,928.10",34.8000000 
06/12/2021,"34,624.70","35,949.10","36,289.70","34,435.50",45.0200000 
06/14/2021,"40,565.80","40,490.10","41,095.50","39,960.30",37.1600000 
06/15/2021,"40,263.00","40,111.70","40,565.80","39,884.60",28.2200000 
06/16/2021,"39,203.50","39,960.30","40,111.70","38,976.40",37.6100000 
06/17/2021,"38,900.80","38,522.30","39,279.20","38,522.30",26.2800000 
06/18/2021,"39,430.50","39,279.20","40,338.70","38,900.80",37.6900000 
06/21/2021,"38,749.40","39,354.90","39,733.30","38,749.40",29.3900000 
06/22/2021,"39,127.80","38,976.40","39,657.60","38,749.40",24.0000000 
06/23/2021,"38,900.80","39,052.10","39,279.20","38,673.70",24.1300000 
06/24/2021,"38,295.30","38,900.80","39,127.80","38,219.60",25.9800000 
06/25/2021,"38,371.00","38,371.00","38,749.40","37,689.80",34.0500000 
06/28/2021,"39,657.60","38,825.10","39,733.30","38,446.70",50.9100000 
06/29/2021,"39,203.50","39,733.30","39,808.90","39,127.80",25.7800000 
06/30/2021,"38,976.40","39,279.20","39,506.20","38,900.80",24.5700000 
07/01/2021,"23,861.70","24,056.80","24,084.70","23,555.10",38.2300000 
07/04/2021,"27,569.20","27,541.30","27,652.80","27,262.50",25.2900000 
07/05/2021,"33,897.00","33,005.00","34,287.20","32,949.20",51.8700000 
07/06/2021,"39,884.60","41,322.60","41,625.30","39,354.90",45.0500000 
07/07/2021,"37,765.50","37,084.40","37,765.50","36,214.00",52.7200000 
07/09/2021,"38,371.00","39,052.10","39,354.90","38,295.30",40.6200000 
07/10/2021,"42,079.40","42,684.90","42,911.90","42,003.70",34.8000000 
07/12/2021,"36,024.80","35,154.50","36,024.80","34,813.90",28.5200000 
07/13/2021,"34,435.50","34,435.50","34,813.90","33,716.50",33.1500000 
07/14/2021,"34,057.10","34,738.20","34,813.90","33,565.10",35.6600000 
07/15/2021,"35,192.30","33,754.40","35,457.20","33,754.40",37.1100000 
07/16/2021,"35,381.50","35,343.70","35,911.30","35,192.30",28.9300000 
07/19/2021,"33,527.30","34,549.00","34,738.20","33,300.30",51.2500000 
07/20/2021,"35,797.80","34,057.10","35,797.80","33,640.80",53.2600000 
07/21/2021,"35,381.50","35,949.10","36,176.20","35,268.00",27.7400000 
07/22/2021,"35,722.10","35,343.70","36,100.50","35,041.00",27.9400000 
07/23/2021,"34,662.50","35,419.40","35,570.70","34,662.50",37.5800000 
07/26/2021,"34,511.20","34,435.50","34,889.60","33,792.20",30.5300000 
07/27/2021,"34,965.30","34,813.90","35,419.40","34,586.90",23.6700000 
07/28/2021,"35,343.70","35,041.00","35,646.40","34,965.30",27.5800000 
07/29/2021,"35,646.40","35,532.90","36,100.50","35,419.40",42.6200000 
07/30/2021,"35,797.80","35,646.40","36,024.80","35,646.40",29.9200000 
08/01/2021,"23,833.80","23,917.40","24,140.40","23,750.20",35.0600000 
08/02/2021,"22,802.40","23,694.40","23,750.20","22,300.60",57.7700000 
08/03/2021,"25,813.00","25,980.20","26,147.50","25,645.70",31.2000000 
08/04/2021,"27,513.40","27,597.00","27,652.80","27,318.30",21.0100000 
08/06/2021,"37,841.20","39,581.90","40,036.00","37,841.20",50.0300000 
08/07/2021,"37,084.40","37,765.50","37,916.90","36,781.60",39.8200000 
08/09/2021,"38,825.10","38,371.00","39,279.20","38,143.90",42.9500000 
08/10/2021,"42,155.10","42,230.80","42,533.50","41,776.70",28.2000000 
08/11/2021,"42,987.60","43,063.30","43,139.00","42,533.50",27.6300000 
08/12/2021,"35,722.10","36,251.90","36,251.90","35,608.60",14.4400000 
08/13/2021,"36,819.50","36,630.30","36,857.30","36,100.50",33.5500000 
08/16/2021,"37,425.00","37,084.40","37,462.80","37,046.50",28.8900000 
08/17/2021,"38,143.90","37,576.30","38,522.30","37,538.50",59.1300000 
08/18/2021,"38,143.90","38,219.60","38,522.30","37,765.50",26.2100000 
08/19/2021,"38,522.30","38,295.30","38,825.10","38,143.90",35.7600000 
08/20/2021,"37,084.40","38,446.70","38,598.00","36,478.90",64.1300000 
08/23/2021,"35,949.10","37,084.40","37,084.40","35,949.10",42.6700000 
08/24/2021,"36,138.30","36,024.80","36,516.80","35,949.10",28.5100000 
08/25/2021,"36,630.30","36,289.70","36,706.00","35,873.50",21.3200000 
08/26/2021,"36,100.50","36,781.60","36,781.60","35,987.00",18.0200000 
08/27/2021,"36,024.80","35,949.10","36,214.00","35,381.50",31.8400000 
08/30/2021,"36,857.30","36,327.60","36,895.20","36,062.70",22.1100000 
08/31/2021,"37,311.40","37,084.40","37,614.20","36,933.00",33.6300000 
09/02/2021,"23,304.20","22,802.40","23,359.90","22,551.50",45.9200000 
09/03/2021,"25,562.10","25,645.70","25,757.20","25,116.10",28.5900000 
09/04/2021,"27,624.90","27,485.50","27,820.10","27,346.20",27.4200000 
09/06/2021,"38,068.30","37,765.50","38,900.80","37,084.40",53.2400000 
09/07/2021,"35,797.80","36,706.00","37,160.10","34,813.90",60.9600000 
09/08/2021,"37,614.20","36,403.20","37,614.20","36,289.70",39.5500000 
09/09/2021,"39,279.20","39,052.10","39,657.60","38,976.40",47.7300000 
09/11/2021,"42,760.60","42,987.60","43,593.10","42,684.90",32.1300000 
09/12/2021,"35,646.40","35,495.00","35,797.80","35,419.40",13.4200000 
09/13/2021,"38,446.70","38,976.40","38,976.40","38,371.00",35.4000000 
09/14/2021,"38,068.30","38,446.70","38,598.00","37,992.60",29.1600000 
09/15/2021,"39,052.10","37,916.90","39,354.90","37,765.50",33.6800000 
09/16/2021,"38,825.10","39,354.90","39,581.90","38,825.10",23.3800000 
09/17/2021,"39,203.50","38,900.80","39,354.90","38,825.10",31.9100000 
09/20/2021,"38,825.10","39,657.60","39,657.60","38,522.30",42.0300000 
09/21/2021,"38,446.70","38,295.30","38,749.40","37,992.60",37.5000000 
09/22/2021,"38,522.30","38,446.70","38,673.70","38,295.30",17.0900000 
09/23/2021,"38,598.00","38,825.10","39,279.20","38,522.30",23.1100000 
09/24/2021,"38,446.70","38,598.00","39,127.80","38,371.00",20.6500000 
09/27/2021,"38,446.70","38,900.80","39,354.90","38,446.70",37.0100000 
09/28/2021,"39,808.90","38,295.30","39,884.60","38,295.30",46.2900000 
09/29/2021,"40,338.70","39,884.60","40,565.80","39,808.90",45.3700000 
09/30/2021,"40,036.00","40,641.50","40,641.50","39,960.30",30.0900000 
10/03/2021,"25,422.70","25,562.10","25,562.10","25,171.80",27.6800000 
10/05/2021,"35,123.50","33,897.00","35,290.80","33,897.00",49.4200000 
10/06/2021,"39,052.10","37,992.60","39,808.90","37,841.20",38.1100000 
10/08/2021,"37,387.10","37,916.90","38,219.60","37,160.10",30.3100000 
10/09/2021,"38,976.40","39,354.90","39,506.20","38,900.80",22.3800000 
10/11/2021,"41,852.40","42,760.60","42,836.20","41,776.70",56.3900000 
10/12/2021,"35,192.30","35,608.60","35,722.10","35,116.60",25.2600000 
10/13/2021,"42,987.60","43,139.00","43,441.70","42,760.60",20.2600000 
10/14/2021,"42,987.60","42,987.60","43,441.70","42,911.90",25.0600000 
10/15/2021,"43,366.00","43,366.00","43,668.70","43,139.00",24.0800000 
10/18/2021,"43,820.10","43,593.10","44,198.50","43,517.40",26.9600000 
10/19/2021,"43,290.30","43,593.10","43,895.80","43,214.70",30.8400000 
10/20/2021,"43,063.30","43,441.70","43,517.40","42,230.80",45.0600000 
10/21/2021,"43,290.30","43,290.30","44,047.20","42,836.20",50.9500000 
10/22/2021,"42,911.90","43,441.70","43,744.40","42,911.90",25.8000000 
10/25/2021,"41,701.00","42,760.60","42,911.90","41,701.00",54.0900000 
10/26/2021,"42,609.20","41,474.00","42,609.20","41,019.90",36.2800000 
10/27/2021,"43,820.10","42,609.20","43,820.10","42,609.20",37.6200000 
10/28/2021,"43,895.80","43,820.10","44,047.20","43,366.00",28.5000000 
10/29/2021,"43,214.70","43,895.80","43,971.50","43,214.70",31.0400000 
11/01/2021,"24,001.10","24,028.90","24,140.40","23,750.20",29.2100000 
11/03/2021,"25,868.70","25,590.00","26,008.10","25,534.20",27.3200000 
11/05/2021,"34,566.00","35,290.80","35,290.80","34,566.00",51.8900000 
11/06/2021,"40,187.40","39,430.50","40,263.00","39,052.10",37.7400000 
11/08/2021,"37,046.50","37,689.80","37,689.80","37,046.50",28.4600000 
11/10/2021,"43,290.30","42,457.80","43,366.00","42,155.10",33.2100000 
11/11/2021,"40,868.50","41,625.30","41,852.40","40,565.80",70.5800000 
11/15/2021,"40,565.80","41,246.90","41,322.60","40,338.70",39.8400000 
11/16/2021,"39,354.90","40,338.70","40,565.80","39,354.90",51.7100000 
11/17/2021,"38,900.80","39,354.90","39,808.90","38,900.80",39.0000000 
11/18/2021,"37,803.40","38,900.80","38,900.80","37,538.50",76.1900000 
11/19/2021,"36,327.60","37,538.50","37,614.20","36,251.90",63.0100000 
11/22/2021,"36,819.50","36,478.90","37,235.70","36,327.60",29.4200000 
11/23/2021,"37,500.60","37,008.70","37,689.80","36,781.60",20.3400000 
11/24/2021,"36,819.50","37,462.80","37,614.20","36,706.00",35.2600000 
11/25/2021,"37,273.60","36,857.30","37,349.30","36,857.30",28.2900000 
11/26/2021,"37,122.20","37,311.40","37,803.40","37,084.40",34.7500000 
11/29/2021,"36,630.30","36,478.90","37,008.70","36,478.90",28.3400000 
11/30/2021,"37,046.50","37,046.50","37,803.40","36,706.00",28.8300000 
12/01/2021,"25,032.50","24,084.70","25,032.50","23,917.40",39.9100000 
12/03/2021,"25,896.60","25,980.20","25,980.20","25,757.20",21.3300000 
12/04/2021,"28,544.80","27,820.10","28,712.10","27,736.40",47.4000000 
12/05/2021,"34,956.30","34,343.00","34,956.30","34,175.70",51.4500000 
12/07/2021,"34,019.20","35,343.70","35,495.00","33,300.30",98.1500000 
12/08/2021,"36,630.30","37,008.70","37,084.40","36,630.30",28.0100000 
12/10/2021,"43,139.00","43,366.00","43,593.10","42,987.60",23.5400000 
12/11/2021,"41,322.60","40,792.80","41,474.00","40,717.10",27.1000000 
12/13/2021,"35,230.20","35,230.20","35,684.30","35,041.00",18.6000000 
12/14/2021,"36,100.50","35,230.20","37,160.10","34,965.30",46.3800000 
12/15/2021,"36,176.20","36,327.60","36,781.60","36,100.50",11.7600000 
12/16/2021,"35,949.10","36,403.20","36,403.20","35,797.80",14.3400000 
12/17/2021,"35,343.70","35,835.60","35,987.00","35,268.00",28.6200000 
12/20/2021,"35,495.00","35,343.70","35,835.60","35,192.30",12.9800000 
12/21/2021,"34,889.60","35,495.00","35,532.90","34,889.60",22.2200000 
12/22/2021,"34,132.80","35,041.00","35,192.30","34,132.80",32.0700000 
12/23/2021,"34,019.20","34,132.80","34,132.80","33,375.90",34.6800000 
12/24/2021,"34,851.70","34,284.10","35,305.80","34,246.30",24.9200000 
12/27/2021,"34,738.20","35,230.20","35,268.00","34,473.30",13.8800000 
12/28/2021,"34,662.50","34,738.20","35,343.70","34,511.20",16.0600000 
12/29/2021,"34,662.50","34,662.50","35,041.00","34,435.50",19.6500000 
12/30/2021,"34,586.90","35,041.00","35,041.00","34,586.90",13.3700000 
12/31/2021,"35,116.60","34,813.90","35,305.80","34,700.40",17.9200000 
01/03/2022,"35,495.00","36,100.50","36,403.20","35,457.20",30.3900000 
01/04/2022,"34,586.90","34,057.10","34,813.90","33,678.70",25.6100000 
01/06/2022,"25,996.90","26,110.40","26,337.50","25,580.70",28.1400000 
01/07/2022,"22,400.00","22,300.00","22,600.00","21,550.00",15.2000000 
01/08/2022,"22,800.00","21,700.00","22,850.00","21,600.00",38.1400000 
01/11/2022,"15,000.00","15,750.00","16,000.00","14,800.00",81.5500000 
01/12/2022,"18,200.00","18,750.00","19,650.00","18,000.00",66.5900000 
01/13/2022,"35,343.70","35,041.00","35,797.80","34,965.30",32.4900000 
01/14/2022,"35,003.10","35,192.30","35,457.20","34,965.30",10.2700000 
01/17/2022,"33,830.00","35,003.10","35,192.30","33,830.00",28.1600000 
01/18/2022,"33,300.30","33,678.70","34,246.30","32,543.40",27.8700000 
01/19/2022,"32,921.80","33,603.00","33,716.50","32,884.00",23.0200000 
01/20/2022,"33,300.30","33,148.90","33,451.60","32,770.50",19.0700000 
01/21/2022,"32,770.50","33,300.30","33,640.80","32,619.10",21.1600000 
01/24/2022,"30,802.70","32,619.10","32,694.80","30,802.70",38.2500000 
01/25/2022,"32,732.60","30,651.40","32,770.50","30,424.30",23.2500000 
01/26/2022,"32,884.00","32,921.80","33,640.80","32,884.00",19.7700000 
01/27/2022,"31,900.10","32,694.80","32,921.80","31,786.60",19.1100000 
01/28/2022,"31,938.00","31,975.80","32,392.10","31,559.60",19.4200000 
02/03/2022,"35,495.00","35,570.70","35,835.60","35,268.00",25.8600000 
02/06/2022,"25,088.70","25,732.00","25,959.10","25,013.00",32.9900000 
02/08/2022,"22,900.00","22,900.00","23,150.00","22,700.00",27.7300000 
02/11/2022,"15,350.00","15,000.00","15,700.00","15,000.00",40.1200000 
02/12/2022,"19,450.00","18,000.00","19,450.00","17,800.00",45.6800000 
02/14/2022,"34,965.30","35,192.30","35,949.10","34,927.40",23.7200000 
02/15/2022,"34,813.90","34,965.30","35,230.20","34,359.80",20.2300000 
02/16/2022,"34,813.90","34,889.60","35,192.30","34,511.20",12.1600000 
02/17/2022,"35,192.30","34,813.90","35,381.50","34,813.90",14.7600000 
02/18/2022,"35,608.60","34,965.30","36,062.70","34,851.70",27.7900000 
02/21/2022,"35,305.80","35,646.40","35,949.10","35,230.20",15.8300000 
02/22/2022,"35,116.60","35,041.00","35,268.00","34,586.90",22.9700000 
02/23/2022,"35,343.70","35,305.80","35,722.10","35,003.10",16.8800000 
02/24/2022,"34,813.90","35,381.50","35,457.20","34,132.80",29.1800000 
02/25/2022,"34,738.20","34,889.60","35,078.80","34,738.20",16.6100000 
02/28/2022,"35,722.10","34,851.70","36,176.20","34,851.70",45.7600000 
03/03/2022,"37,916.90","36,024.80","37,916.90","35,797.80",99.1100000 
03/06/2022,"25,277.90","25,202.20","25,732.00","25,164.40",19.1200000 
03/08/2022,"23,750.00","22,700.00","23,850.00","22,600.00",58.8500000 
03/10/2022,"19,750.00","21,200.00","21,200.00","19,750.00",33.5700000 
03/11/2022,"15,200.00","15,250.00","15,450.00","15,100.00",20.6300000 
03/14/2022,"34,662.50","35,797.80","36,478.90","34,662.50",44.0000000 
03/15/2022,"34,927.40","34,776.10","35,343.70","34,397.70",27.1200000 
03/16/2022,"34,965.30","35,495.00","35,684.30","34,965.30",14.8400000 
03/17/2022,"34,776.10","35,268.00","35,343.70","34,738.20",19.4500000 
03/18/2022,"35,192.30","34,965.30","35,457.20","34,851.70",23.0500000 
03/21/2022,"35,457.20","35,343.70","35,722.10","35,116.60",25.1100000 
03/22/2022,"35,495.00","35,495.00","35,532.90","35,041.00",29.8600000 
03/23/2022,"35,419.40","35,722.10","35,911.30","35,419.40",22.4800000 
03/24/2022,"35,116.60","35,570.70","35,570.70","35,078.80",19.4100000 
03/25/2022,"35,116.60","35,230.20","35,532.90","34,965.30",17.4800000 
03/28/2022,"34,738.20","34,889.60","35,457.20","34,662.50",25.3600000 
03/29/2022,"34,700.40","34,965.30","35,003.10","34,662.50",16.8800000 
03/30/2022,"34,435.50","34,662.50","35,116.60","34,359.80",20.4400000 
03/31/2022,"34,132.80","34,549.00","34,776.10","33,905.70",24.5600000 
04/01/2022,"35,381.50","35,419.40","35,722.10","35,268.00",26.1300000 
04/03/2022,"37,689.80","38,598.00","38,825.10","37,689.80",43.3900000 
04/04/2022,"34,700.40","34,813.90","35,041.00","34,624.70",15.8000000 
04/05/2022,"31,786.60","32,770.50","32,770.50","31,786.60",19.3700000 
04/07/2022,"22,000.00","22,650.00","22,650.00","22,000.00",12.4400000 
04/08/2022,"23,650.00","23,900.00","23,950.00","23,500.00",30.0300000 
04/10/2022,"18,850.00","20,100.00","20,250.00","18,650.00",30.5100000 
04/11/2022,"14,650.00","15,000.00","15,150.00","14,500.00",43.8900000 
04/13/2022,"34,208.40","34,284.10","34,397.70","33,830.00",16.5300000 
04/14/2022,"33,981.40","34,284.10","34,473.30","33,981.40",15.6500000 
04/15/2022,"33,451.60","33,981.40","34,057.10","33,413.80",23.8900000 
04/18/2022,"32,278.50","33,338.10","33,716.50","32,278.50",30.1400000 
04/19/2022,"32,770.50","32,543.40","33,224.60","32,467.80",24.7700000 
04/20/2022,"32,694.80","32,921.80","33,300.30","32,619.10",17.2100000 
04/21/2022,"32,808.30","32,543.40","33,375.90","31,862.30",23.1600000 
04/22/2022,"33,148.90","33,300.30","33,338.10","32,051.50",16.5100000 
04/25/2022,"30,840.60","33,148.90","33,148.90","30,840.60",37.7700000 
04/26/2022,"31,181.20","30,386.50","31,332.50","29,970.20",30.2600000 
04/27/2022,"32,165.00","31,181.20","32,467.80","31,105.50",24.4100000 
04/28/2022,"32,619.10","32,165.00","32,884.00","32,165.00",17.7000000 
04/29/2022,"32,770.50","32,467.80","32,846.20","32,429.90",16.0500000 
05/01/2022,"35,419.40","35,495.00","35,835.60","35,419.40",24.3900000 
05/04/2022,"34,889.60","34,813.90","35,116.60","34,776.10",15.7600000 
05/05/2022,"31,824.50","32,240.70","32,240.70","31,408.20",17.9600000 
05/07/2022,"21,900.00","22,100.00","22,350.00","21,750.00",15.0900000 
05/08/2022,"23,300.00","23,400.00","23,650.00","23,150.00",42.5200000 
05/09/2022,"23,900.00","23,050.00","24,100.00","23,050.00",26.2800000 
05/10/2022,"19,200.00","19,200.00","19,350.00","18,850.00",25.3200000 
05/12/2022,"20,000.00","19,800.00","20,400.00","19,500.00",46.5100000 
05/13/2022,"27,170.00","28,872.80","29,175.60","27,056.50",55.9000000 
05/16/2022,"27,472.70","28,040.30","28,380.90","27,472.70",38.2100000 
05/17/2022,"28,910.70","27,397.00","28,910.70","27,245.70",30.4400000 
05/18/2022,"28,910.70","29,062.00","29,289.10","28,645.80",20.9000000 
05/19/2022,"28,683.60","28,229.50","28,835.00","27,889.00",20.8500000 
05/20/2022,"28,494.40","28,532.30","28,607.90","28,191.70",18.1100000 
05/23/2022,"27,813.30","28,721.50","28,910.70","27,472.70",13.2300000 
05/24/2022,"26,413.20","27,813.30","28,002.50","25,883.40",54.8600000 
05/25/2022,"26,072.60","26,110.40","26,451.00","25,013.00",51.2400000 
05/26/2022,"26,488.80","26,488.80","26,942.90","26,148.30",21.0900000 
05/27/2022,"26,829.40","26,488.80","27,170.00","26,337.50",22.8700000 
05/30/2022,"26,829.40","26,867.30","27,132.10","26,715.90",19.5700000 
05/31/2022,"26,261.80","26,753.70","26,753.70","26,110.40",24.4900000 
06/01/2022,"34,889.60","35,192.30","35,343.70","34,889.60",22.3200000 
06/04/2022,"35,759.90","34,813.90","36,289.70","34,813.90",38.6200000 
06/05/2022,"31,635.20","31,332.50","32,543.40","31,332.50",19.5100000 
06/06/2022,"25,202.20","25,845.50","25,921.20","25,050.90",23.1000000 
06/07/2022,"21,450.00","21,700.00","22,250.00","21,300.00",18.2300000 
06/09/2022,"23,550.00","24,000.00","24,200.00","23,550.00",15.3300000 
06/10/2022,"18,000.00","19,300.00","19,300.00","18,000.00",37.4600000 
06/12/2022,"18,600.00","19,900.00","19,950.00","18,600.00",62.7800000 
06/13/2022,"24,067.00","24,975.20","25,353.60","23,991.30",27.6100000 
06/14/2022,"22,931.80","23,840.00","23,877.80","22,856.10",36.9700000 
06/15/2022,"22,250.60","22,780.40","23,385.90","21,834.40",37.3100000 
06/16/2022,"23,461.50","22,818.20","23,726.40","22,629.00",43.4000000 
06/17/2022,"23,200.00","23,450.00","23,500.00","21,950.00",30.2400000 
06/20/2022,"21,600.00","22,750.00","23,000.00","21,600.00",37.2700000 
06/21/2022,"20,800.00","21,350.00","21,500.00","20,500.00",39.9400000 
06/22/2022,"21,500.00","20,850.00","22,000.00","20,850.00",21.4400000 
06/23/2022,"21,800.00","21,500.00","21,850.00","21,500.00",6.9300000 
06/24/2022,"21,800.00","21,850.00","22,500.00","21,700.00",12.8300000 
06/27/2022,"22,900.00","22,000.00","22,900.00","21,350.00",20.7400000 
06/28/2022,"22,500.00","22,850.00","22,850.00","22,250.00",17.8400000 
06/29/2022,"22,750.00","22,300.00","23,150.00","22,100.00",20.1900000 
06/30/2022,"22,300.00","22,900.00","23,400.00","22,300.00",19.9500000 
07/01/2022,"34,662.50","34,889.60","34,965.30","34,549.00",21.2400000 
07/02/2022,"32,581.30","32,392.10","33,073.20","31,635.20",21.5900000 
07/03/2022,"38,673.70","37,992.60","39,733.30","37,841.20",49.9900000 
07/04/2022,"35,230.20","35,949.10","36,024.80","35,230.20",18.8700000 
07/06/2022,"25,126.60","25,202.20","25,391.40","24,710.30",25.1900000 
07/07/2022,"21,750.00","21,450.00","21,750.00","21,400.00",10.8300000 
07/09/2022,"23,000.00","23,550.00","23,800.00","23,000.00",25.0300000 
07/10/2022,"17,600.00","17,650.00","17,800.00","17,050.00",36.4700000 
07/11/2022,"13,700.00","14,550.00","14,800.00","13,700.00",38.2600000 
07/12/2022,"18,250.00","18,000.00","19,150.00","17,700.00",34.6200000 
07/13/2022,"22,300.00","22,200.00","22,800.00","22,150.00",17.8600000 
07/14/2022,"22,200.00","22,200.00","22,400.00","22,100.00",12.5200000 
07/15/2022,"23,200.00","22,350.00","23,500.00","22,350.00",47.7000000 
07/18/2022,"22,600.00","23,200.00","23,300.00","22,500.00",19.9300000 
07/19/2022,"22,150.00","22,500.00","22,600.00","22,100.00",16.2800000 
07/20/2022,"22,350.00","22,350.00","22,750.00","22,300.00",16.8900000 
07/21/2022,"22,700.00","22,350.00","23,000.00","22,300.00",23.0400000 
07/22/2022,"22,200.00","22,700.00","22,800.00","22,200.00",16.6400000 
07/25/2022,"21,900.00","22,200.00","22,300.00","21,800.00",20.7200000 
07/26/2022,"21,650.00","21,800.00","22,000.00","21,600.00",26.3800000 
07/27/2022,"21,250.00","21,450.00","21,500.00","21,050.00",28.6000000 
07/28/2022,"21,400.00","21,500.00","21,700.00","21,250.00",23.5100000 
07/29/2022,"21,500.00","21,600.00","21,950.00","21,500.00",20.5900000 
08/02/2022,"34,473.30","32,543.40","34,473.30","32,543.40",34.4900000 
08/03/2022,"37,425.00","38,295.30","38,749.40","37,425.00",52.6600000 
08/04/2022,"35,116.60","35,381.50","35,608.60","35,078.80",17.8600000 
08/06/2022,"24,899.50","25,202.20","25,315.80","24,786.00",32.2900000 
08/07/2022,"22,450.00","22,000.00","22,550.00","22,000.00",19.5000000 
08/08/2022,"23,600.00","23,400.00","23,900.00","23,300.00",30.3700000 
08/09/2022,"23,100.00","23,200.00","23,450.00","22,900.00",20.3700000 
08/11/2022,"13,150.00","13,100.00","13,700.00","13,000.00",46.2700000 
08/12/2022,"18,900.00","18,900.00","19,350.00","18,500.00",29.9400000 
08/15/2022,"24,000.00","24,100.00","24,200.00","23,800.00",31.5100000 
08/16/2022,"24,550.00","24,000.00","24,700.00","24,000.00",65.4900000 
08/17/2022,"24,300.00","24,600.00","24,650.00","24,150.00",27.4400000 
08/18/2022,"24,150.00","24,100.00","24,350.00","24,050.00",23.2200000 
08/19/2022,"23,750.00","24,100.00","24,250.00","23,650.00",31.4600000 
08/22/2022,"23,350.00","23,650.00","23,750.00","23,150.00",23.8000000 
08/23/2022,"23,650.00","23,100.00","23,650.00","23,100.00",16.6900000 
08/24/2022,"23,500.00","23,650.00","23,750.00","23,500.00",12.1300000 
08/25/2022,"23,850.00","23,750.00","24,050.00","23,600.00",18.2600000 
08/26/2022,"23,500.00","24,000.00","24,000.00","23,500.00",16.4700000 
08/29/2022,"23,000.00","23,050.00","23,250.00","22,650.00",32.4700000 
08/30/2022,"23,050.00","23,100.00","23,300.00","22,950.00",15.3100000 
08/31/2022,"23,000.00","23,000.00","23,150.00","22,750.00",14.9800000 
09/02/2022,"35,797.80","34,662.50","36,554.60","34,586.90",52.3900000 
09/03/2022,"37,727.70","37,841.20","38,068.30","36,970.90",45.2100000 
09/05/2022,"30,235.10","31,408.20","31,710.90","30,235.10",34.1700000 
09/06/2022,"25,580.70","24,899.50","26,148.30","24,786.00",35.0700000 
09/08/2022,"24,100.00","23,900.00","24,300.00","23,650.00",48.2200000 
09/09/2022,"23,800.00","23,350.00","23,800.00","23,100.00",26.0500000 
09/11/2022,"13,000.00","13,200.00","13,600.00","12,950.00",32.7900000 
09/12/2022,"19,200.00","18,900.00","19,450.00","18,500.00",34.5500000 
09/13/2022,"23,700.00","23,750.00","24,000.00","23,500.00",14.6800000 
09/14/2022,"23,700.00","23,250.00","23,800.00","23,250.00",27.0300000 
09/15/2022,"23,600.00","23,900.00","23,900.00","23,450.00",13.7300000 
09/16/2022,"23,000.00","23,400.00","23,600.00","23,000.00",27.5100000 
09/19/2022,"22,650.00","23,100.00","23,250.00","22,450.00",27.4800000 
09/20/2022,"23,000.00","22,800.00","23,000.00","22,600.00",11.5100000 
09/21/2022,"22,900.00","22,900.00","22,950.00","22,700.00",9.9200000 
09/22/2022,"23,000.00","22,700.00","23,100.00","22,650.00",11.5900000 
09/23/2022,"22,700.00","23,050.00","23,200.00","22,700.00",14.5900000 
09/26/2022,"22,400.00","22,450.00","22,600.00","21,850.00",25.8800000 
09/27/2022,"22,400.00","22,450.00","22,500.00","22,100.00",9.0100000 
09/28/2022,"21,800.00","22,200.00","22,450.00","21,600.00",14.0700000 
09/29/2022,"21,650.00","22,150.00","22,300.00","21,650.00",10.3300000 
09/30/2022,"21,200.00","21,500.00","21,650.00","20,700.00",23.3700000 
10/01/2022,"34,549.00","34,700.40","35,305.80","34,435.50",22.7200000 
10/02/2022,"35,570.70","35,873.50","36,251.90","35,343.70",30.6800000 
10/03/2022,"37,197.90","37,841.20","37,916.90","37,160.10",34.8800000 
10/05/2022,"31,105.50","29,894.60","31,105.50","29,289.10",25.2700000 
10/06/2022,"25,429.30","25,580.70","25,921.20","25,429.30",19.7400000 
10/08/2022,"23,800.00","24,000.00","24,400.00","23,800.00",30.1200000 
10/10/2022,"18,350.00","17,300.00","18,600.00","17,200.00",25.0600000 
10/11/2022,"12,100.00","12,700.00","12,800.00","12,100.00",79.7500000 
10/13/2022,"19,500.00","18,800.00","19,600.00","18,550.00",24.2000000 
10/14/2022,"19,450.00","19,750.00","19,900.00","19,300.00",22.5900000 
10/17/2022,"19,250.00","19,250.00","19,350.00","18,900.00",17.0600000 
10/18/2022,"18,850.00","19,500.00","19,700.00","18,700.00",24.3900000 
10/19/2022,"18,400.00","18,850.00","18,850.00","18,350.00",20.2400000 
10/20/2022,"18,100.00","18,350.00","18,600.00","18,050.00",26.0300000 
10/21/2022,"16,900.00","18,300.00","18,300.00","16,900.00",45.1600000 
10/24/2022,"16,400.00","17,000.00","17,050.00","16,200.00",27.9700000 
10/25/2022,"17,100.00","16,400.00","17,500.00","16,050.00",31.1100000 
10/26/2022,"16,900.00","17,000.00","17,400.00","16,850.00",11.2400000 
10/27/2022,"17,400.00","16,950.00","17,600.00","16,900.00",21.3700000 
10/28/2022,"16,800.00","17,400.00","17,650.00","16,800.00",31.2000000 
10/31/2022,"15,650.00","15,650.00","16,000.00","15,650.00",66.3000000 
11/01/2022,"34,132.80","34,851.70","34,851.70","34,132.80",16.5900000 
11/02/2022,"35,684.30","35,268.00","35,949.10","35,041.00",22.5500000 
11/03/2022,"36,024.80","37,235.70","37,311.40","35,457.20",57.6400000 
11/05/2022,"30,764.90","31,029.80","31,256.80","30,689.20",12.4300000 
11/07/2022,"22,050.00","22,400.00","22,650.00","21,950.00",12.4800000 
11/08/2022,"23,400.00","24,050.00","24,150.00","23,300.00",34.3500000 
11/10/2022,"17,500.00","18,400.00","18,400.00","17,350.00",26.4500000 
11/11/2022,"12,300.00","12,300.00","12,650.00","12,000.00",60.7200000 
11/14/2022,"12,200.00","12,150.00","12,450.00","11,850.00",60.2700000 
11/15/2022,"12,500.00","12,000.00","12,550.00","12,000.00",40.4200000 
11/16/2022,"13,350.00","12,300.00","13,350.00","11,800.00",34.9000000 
11/17/2022,"14,250.00","13,900.00","14,250.00","13,800.00",21.5100000 
11/18/2022,"15,100.00","14,600.00","15,200.00","14,250.00",99.6600000 
11/21/2022,"14,950.00","15,200.00","15,250.00","14,750.00",31.6000000 
11/22/2022,"14,800.00","14,650.00","15,450.00","14,450.00",43.2500000 
11/23/2022,"13,800.00","14,700.00","14,850.00","13,800.00",30.3000000 
11/24/2022,"14,350.00","13,700.00","14,400.00","13,600.00",31.1200000 
11/25/2022,"15,300.00","14,600.00","15,300.00","14,350.00",26.5300000 
11/28/2022,"16,350.00","15,600.00","16,350.00","15,600.00",58.8400000 
11/29/2022,"17,400.00","16,600.00","17,450.00","16,350.00",64.3100000 
11/30/2022,"18,400.00","17,550.00","18,400.00","17,200.00",57.7200000 
12/01/2022,"34,965.30","34,208.40","35,003.10","34,170.60",19.0900000 
12/04/2022,"34,132.80","35,192.30","35,192.30","34,094.90",23.7000000 
12/05/2022,"28,948.50","30,727.10","30,764.90","28,948.50",32.8300000 
12/07/2022,"22,300.00","22,050.00","22,500.00","21,950.00",12.1500000 
12/08/2022,"23,950.00","23,300.00","24,050.00","23,250.00",33.8000000 
12/09/2022,"23,800.00","23,900.00","24,300.00","23,800.00",26.1700000 
12/10/2022,"18,700.00","17,800.00","18,700.00","17,500.00",29.0000000 
12/12/2022,"18,600.00","19,200.00","19,550.00","18,600.00",35.8300000 
12/13/2022,"19,000.00","18,600.00","19,000.00","18,250.00",24.3400000 
12/14/2022,"19,200.00","19,350.00","19,600.00","19,000.00",34.2900000 
12/15/2022,"19,350.00","19,100.00","19,650.00","19,100.00",20.9800000 
12/16/2022,"20,400.00","19,200.00","20,450.00","18,950.00",55.3800000 
12/19/2022,"20,000.00","20,600.00","21,250.00","20,000.00",48.0400000 
12/20/2022,"19,000.00","19,800.00","20,100.00","18,750.00",45.5500000 
12/21/2022,"18,900.00","19,400.00","19,450.00","18,100.00",27.7000000 
12/22/2022,"18,900.00","19,100.00","19,600.00","18,700.00",18.9700000 
12/23/2022,"18,350.00","18,850.00","18,900.00","18,100.00",24.8100000 
12/26/2022,"17,100.00","18,300.00","18,300.00","17,100.00",31.3700000 
12/27/2022,"18,250.00","17,100.00","18,250.00","17,100.00",23.6600000 
12/28/2022,"18,200.00","18,400.00","18,500.00","17,950.00",14.3100000 
12/29/2022,"18,000.00","18,300.00","18,500.00","17,850.00",17.4200000 
12/30/2022,"18,000.00","18,100.00","18,450.00","17,900.00",14.4500000 
01/02/2023,"21,100.00","22,200.00","22,650.00","21,000.00",51.9100000 
01/03/2023,"20,900.00","20,000.00","20,900.00","19,800.00",18.6200000 
01/13/2023,"19,950.00","20,250.00","20,350.00","19,900.00",19.1700000 
01/16/2023,"20,250.00","20,000.00","20,650.00","19,950.00",22.3200000 
01/17/2023,"21,650.00","20,450.00","21,650.00","20,450.00",41.5800000 
01/18/2023,"21,700.00","22,000.00","22,050.00","21,550.00",25.8500000 
01/19/2023,"21,150.00","21,600.00","21,850.00","20,850.00",43.9400000 
01/27/2023,"21,500.00","21,000.00","21,550.00","20,850.00",26.5200000 
01/30/2023,"21,750.00","21,700.00","22,200.00","21,350.00",42.3400000 
01/31/2023,"22,100.00","21,900.00","22,100.00","21,700.00",28.1100000 
02/02/2023,"21,300.00","21,200.00","21,700.00","21,100.00",25.3900000 
02/03/2023,"20,600.00","21,000.00","21,100.00","20,600.00",8.8700000 
02/13/2023,"20,200.00","20,400.00","20,400.00","19,750.00",18.7400000 
02/14/2023,"20,600.00","20,300.00","20,900.00","20,250.00",17.2900000 
02/15/2023,"20,800.00","20,600.00","21,050.00","20,250.00",20.0800000 
02/16/2023,"21,300.00","20,950.00","21,400.00","20,600.00",23.9100000 
02/17/2023,"21,000.00","21,300.00","21,350.00","21,000.00",12.2900000 
02/20/2023,"21,900.00","21,000.00","21,900.00","21,000.00",24.7400000 
02/21/2023,"21,600.00","22,050.00","22,300.00","21,600.00",20.6400000 
02/22/2023,"21,200.00","21,400.00","22,100.00","21,200.00",32.6300000 
02/23/2023,"21,500.00","21,150.00","21,500.00","20,400.00",33.5900000 
02/24/2023,"20,800.00","21,500.00","21,500.00","20,650.00",14.6000000 
02/27/2023,"20,100.00","20,400.00","20,550.00","19,950.00",31.3200000 
02/28/2023,"20,000.00","20,450.00","20,500.00","19,900.00",15.2200000 
03/01/2023,"19,250.00","18,300.00","19,250.00","18,200.00",27.9900000 
03/02/2023,"21,100.00","21,450.00","21,550.00","21,000.00",20.9600000 
03/03/2023,"20,350.00","20,800.00","21,100.00","20,350.00",13.6100000 
03/13/2023,"21,100.00","21,050.00","21,400.00","20,900.00",20.9300000 
03/14/2023,"20,300.00","21,050.00","21,100.00","20,200.00",30.8700000 
03/15/2023,"21,300.00","20,800.00","21,300.00","20,600.00",26.7800000 
03/16/2023,"20,850.00","21,000.00","21,100.00","20,500.00",30.2500000 
03/17/2023,"20,400.00","21,050.00","21,050.00","20,400.00",33.9600000 
03/20/2023,"20,000.00","20,400.00","20,600.00","20,000.00",22.9900000 
03/21/2023,"20,450.00","20,200.00","20,550.00","19,850.00",19.0600000 
03/22/2023,"20,300.00","20,550.00","20,600.00","20,150.00",12.8600000 
03/23/2023,"20,400.00","20,200.00","20,400.00","20,050.00",10.7400000 
03/24/2023,"20,400.00","20,450.00","20,500.00","20,300.00",13.6900000 
03/27/2023,"20,800.00","20,400.00","20,900.00","20,350.00",20.2700000 
03/28/2023,"20,700.00","20,900.00","21,000.00","20,700.00",12.3300000 
03/29/2023,"20,800.00","20,700.00","21,100.00","20,700.00",17.9400000 
04/01/2023,"19,400.00","19,450.00","19,800.00","19,300.00",20.2300000 
05/01/2023,"19,800.00","19,400.00","20,000.00","19,150.00",21.5000000 
06/01/2023,"19,400.00","19,700.00","20,100.00","19,200.00",19.6300000 
06/02/2023,"21,150.00","21,100.00","21,150.00","20,550.00",22.2800000 
06/03/2023,"20,400.00","20,650.00","20,850.00","20,400.00",11.3700000 
07/02/2023,"19,750.00","21,150.00","21,200.00","19,700.00",43.3800000 
07/03/2023,"21,100.00","20,600.00","21,350.00","20,550.00",29.3200000 
08/02/2023,"20,850.00","19,750.00","21,100.00","19,750.00",33.8100000 
08/03/2023,"21,200.00","20,900.00","21,200.00","20,800.00",16.1600000 
09/01/2023,"19,600.00","19,800.00","20,100.00","19,500.00",16.1900000 
09/02/2023,"20,600.00","21,000.00","21,250.00","20,600.00",16.3400000 
09/03/2023,"21,200.00","21,200.00","21,550.00","21,200.00",23.2700000 
10/01/2023,"19,800.00","19,600.00","20,100.00","19,200.00",26.8500000 
10/02/2023,"20,500.00","20,700.00","20,800.00","20,150.00",15.8300000 
10/03/2023,"21,300.00","21,150.00","21,450.00","21,000.00",22.4600000 
11/01/2023,"20,200.00","20,000.00","20,550.00","19,900.00",25.7100000 
12/01/2023,"20,050.00","20,100.00","20,250.00","19,900.00",20.1700000 
